,"All mutants (1770 results, without single mutants)",Mutant type,No. experiments,Change in average lifespan,Unnamed: 4,Epistasis
0,skn-1;trpa-1,Double mutant,1,-11.11%,,
1,skn-1;vang-1,Double mutant,1,27.45%,,
2,sod-1;sod-2,Double mutant,1,65.54%,,
3,sod-1;sod-2;sod-3;sod-4;sod-5,5-mutant,1,15.41%,,
4,sod-1;sod-2;sod-4,Triple mutant,1,31.64%,,
5,sod-1;sod-3,Double mutant,1,18.64%,,
6,sod-1;sod-3;sod-5,Triple mutant,1,6.78%,,
7,sod-1;sod-4,Double mutant,1,-1.13%,,
8,sod-1;sod-5,Double mutant,1,2.82%,,
9,sod-1;xbp-1,Double mutant,2,11.68% ..  27.52%,,
10,sod-2;sod-3,Double mutant,1,41.81%,,
11,sod-2;sod-3;sod-5,Triple mutant,1,14.69%,,
12,sod-2;sod-4,Double mutant,1,51.41%,,
13,sod-2;sod-5,Double mutant,1,38.98%,,
14,sod-3;sod-5,Double mutant,1,12.99%,,
15,taf-4;tpk-1,Double mutant,1,-38.05% .. 151.29%,[est.],
16,tcer-1;tcer-1,Double mutant,4,15.59% ..  32.97%,,
17,trpa-1;unc-43,Double mutant,1,14.05%,,
18,ubc-18;wwp-1,Double mutant,2,-3.76% ..  2.14%,,
19,unc-31;unc-64,Double mutant,1,79.17%,,
20,aak-1;aak-2;frh-1,Triple mutant,1,4.07%,,
21,aak-1;frh-1,Double mutant,1,25.00%,,
22,aak-2;atp-3,Double mutant,2,-40.12% ..  -33.72%,,
23,aak-2;cco-1,Double mutant,2,40.70% ..  48.26%,,
24,aak-2;chc-1,Double mutant,1,-13.30%,,
25,aak-2;cyc-2.1,Double mutant,2,-20.00% ..  -15.87%,,
26,aak-2;daf-16,Double mutant,2,-44.33% ..  -27.00%,,
27,aak-2;daf-16;daf-2,Triple mutant,1,-35.37%,,
28,aak-2;daf-2,Double mutant,7,-14.00% ..  75.78%,,
29,aak-2;daf-2;rsks-1,Triple mutant,7,73.85% ..  175.89%,,
30,aak-2;daf-9,Double mutant,1,10.81%,,
31,aak-2;fasn-1,Double mutant,1,-11.82%,,
32,aak-2;frh-1,Double mutant,2,-5.23% ..  34.30%,,
33,aak-2;ifg-1,Double mutant,1,7.88%,,
34,aak-2;igf-1,Double mutant,1,-12.18%,,
35,aak-2;isp-1,Double mutant,2,31.98% ..  125.58%,,
36,aak-2;let-711,Double mutant,1,-14.78%,,
37,aak-2;mdt-15,Double mutant,1,-39.90%,,
38,aak-2;nmur-1,Double mutant,1,23.21%,,
39,aak-2;nuo-2,Double mutant,2,22.09% ..  30.23%,,
40,aak-2;rsks-1,Double mutant,5,-30.77% ..  1.13%,,
41,aak-2;sca-1,Double mutant,1,-10.84%,,
42,aak-2;sod-1,Double mutant,2,-45.48% .. -184.47%,[est.],
43,aak-2;unc-70,Double mutant,1,-14.78%,,
44,aak-2;xbp-1,Double mutant,3,-20.00% ..  41.45%,,
45,aakb-1;daf-2,Double mutant,5,66.89% ..  101.48%,,
46,aakg-1;daf-2;rff-3,Triple mutant,4,-32.13% .. -130.35%,[est.],
47,aakg-2;daf-2;rff-3,Triple mutant,4,-24.88% .. -100.94%,[est.],
48,aakg-3;daf-2;rff-3,Triple mutant,4,-28.07% .. -113.88%,[est.],
49,aakg-4;aakg-5,Double mutant,2,7.07% ..  25.77%,,
50,aakg-4;aakg-5;daf-2,Triple mutant,2,98.99%,,
51,aakg-4;daf-2,Double mutant,11,61.76% ..  115.32%,,
52,aakg-4;daf-2;rff-3,Triple mutant,6,-42.0% .. -170.35%,[est.],
53,aakg-4;daf-2;rsks-1,Triple mutant,2,90.63% ..  91.18%,,
54,aakg-4;rrf-3,Double mutant,4,-70.13% .. -284.47%,[est.],
55,aakg-4;rsks-1,Double mutant,2,3.12% ..  10.29%,,
56,aakg-5;daf-2,Double mutant,3,74.23% ..  104.04%,,
57,aakg-5;daf-2;rff-3,Triple mutant,5,-48.38% .. -196.24%,[est.],
58,aakg-5;rrf-3,Double mutant,1,-65.2% .. 41.18%,[est.],
59,aap-1;asm-3,Double mutant,1,48.87% .. 503.88%,[est.],
60,aat-2;daf-16;rrf-3,Triple mutant,1,-23.27%,,
61,abu-11;daf-2,Double mutant,4,40.20% ..  123.04%,,
62,acdh-13;daf-16;rrf-3,Triple mutant,1,12.19%,,
63,aco-2;daf-2,Double mutant,2,35.06% .. 142.24%,[est.],
64,acs-5;daf-16;rrf-3,Triple mutant,1,-13.73%,,
65,ada-2;daf-16;daf-2,Triple mutant,1,-41.50%,,
66,ada-2;daf-2,Double mutant,1,95.92%,,
67,age-1;akt-1;sqt-1,Triple mutant,1,83.33%,,
68,age-1;asm-3,Double mutant,1,258.76%,,
69,age-1;cup-4,Double mutant,2,6.43% ..  20.81%,,
70,age-1;daf-16,Double mutant,2,-31.08% ..  -22.84%,,
71,age-1;daf-16;drp1,Triple mutant,1,-33.06%,,
72,age-1;daf-16;fer-15,Triple mutant,1,8.33%,,
73,age-1;daf-16;sqt-1,Triple mutant,1,16.67%,,
74,age-1;daf-18;fer-15,Triple mutant,1,0.00%,,
75,age-1;daf-2;fer-15,Triple mutant,2,96.00% ..  107.14%,,
76,age-1;drp-1,Double mutant,3,111.97% ..  149.24%,,
77,age-1;fer-15,Double mutant,5,24.00% ..  125.00%,,
78,age-1;fer-15;gro-1,Triple mutant,1,128.86%,,
79,age-1;hcf-1,Double mutant,2,82.76% ..  99.25%,,
80,age-1;hsf-1,Double mutant,2,-20.26% ..  -9.63%,,
81,age-1;ife-2,Double mutant,1,51.10%,,
82,age-1;nlp-7,Double mutant,2,9.94% ..  15.61%,,
83,age-1;oga-1,Double mutant,1,55.35%,,
84,age-1;ogt-1,Double mutant,1,0.00%,,
85,age-1;sgk-1,Double mutant,1,104.08%,,
86,age-1;shc-1,Double mutant,1,23.24%,,
87,age-1;skn-1,Double mutant,1,14.45%,,
88,age-1;sqt-1,Double mutant,1,50.00%,,
89,aha-1;clk-1,Double mutant,1,0.00%,,
90,aha-1;isp-1,Double mutant,2,13.92%,,
91,aha-1;mekk-3,Double mutant,2,-26.26% ..  -24.07%,,
92,aha-1;tpk-1,Double mutant,1,-16.3% .. 239.53%,[est.],
93,ahr-1;mekk-3,Double mutant,4,-14.65% ..  19.91%,,
94,ain-1;daf-16;daf-2,Triple mutant,1,-40.14%,,
95,ain-1;daf-2,Double mutant,1,111.56%,,
96,akt-1;akt-2,Double mutant,5,19.05% ..  220.67%,,
97,akt-1;akt-2;ets-4,Triple mutant,1,-28.65% .. 189.41%,[est.],
98,akt-1;akt-2;jnk-1,Triple mutant,1,160.40%,,
99,akt-1;akt-2;rrf-3,Triple mutant,1,63.04%,,
100,akt-1;akt-2;rrf-3;skn-1,4-mutant,3,-15.94% ..  47.83%,,
101,akt-1;akt-2;sgk-1,Triple mutant,1,54.42%,,
102,akt-1;asm-3,Double mutant,1,-5.73%,,
103,akt-1;daf-16,Double mutant,2,-39.04% ..  -34.78%,,
104,akt-1;eak-3,Double mutant,2,0.64% ..  2.36%,,
105,akt-1;eak-4,Double mutant,2,1.92% ..  3.15%,,
106,akt-1;eak-6,Double mutant,2,0.79% ..  1.92%,,
107,akt-1;eak-7,Double mutant,2,80.85% ..  92.52%,,
108,akt-1;rict-1,Double mutant,2,61.71% ..  69.78%,,
109,akt-1;sdf-9,Double mutant,4,15.38%,,
110,akt-1;sgk-1,Double mutant,3,-25.17% ..  20.69%,,
111,akt-1;trpa-1,Double mutant,1,35.53%,,
112,akt-1;utx-1,Double mutant,3,62.28% ..  86.76%,,
113,akt-2;eak-7,Double mutant,2,62.00% ..  74.83%,,
114,akt-2;trpa-1,Double mutant,1,58.31%,,
115,akt-2;utx-1,Double mutant,2,11.64% ..  34.72%,,
116,alg-2;daf-16;daf-2,Triple mutant,1,-32.65%,,
117,alg-2;daf-2,Double mutant,1,29.25%,,
118,arx-4;daf-16;daf-2,Triple mutant,1,-66.67%,,
119,arx-4;daf-2,Double mutant,1,-6.12%,,
120,asb-2;daf-16,Double mutant,1,-38.52% .. 149.41%,[est.],
121,asb-2;daf-2,Double mutant,1,69.95% .. 589.41%,[est.],
122,asb-2;fem-1;fer-15,Triple mutant,1,-44.61% .. 124.71%,[est.],
123,ash-2;rrf-1,Double mutant,3,28.22% ..  39.73%,,
124,asm-1;asm-3;rrf-3,Triple mutant,1,30.46%,,
125,asm-1;daf-18;rrf-3,Triple mutant,1,-71.0% .. 17.65%,[est.],
126,asm-2;asm-3;rrf-3,Triple mutant,1,28.16%,,
127,asm-2;daf-18;rrf-3,Triple mutant,1,-69.84% .. 22.35%,[est.],
128,asm-3;daf-16,Double mutant,1,-7.43%,,
129,asm-3;daf-16;rrf-3,Triple mutant,2,-26.44% ..  -11.76%,,
130,asm-3;daf-18;rrf-3,Triple mutant,1,-70.71% .. 18.82%,[est.],
131,asm-3;daf-2,Double mutant,1,147.53%,,
132,asm-3;pdk-1,Double mutant,1,50.69%,,
133,asm-3;rrf-3,Double mutant,1,15.52%,,
134,asp-3;daf-2;fem-23;fer-15,4-mutant,1,-24.59% .. 205.88%,[est.],
135,asp-3;fem-1;fer-15,Triple mutant,1,-56.5% .. 76.47%,[est.],
136,atf-6;daf-2,Double mutant,3,47.06% ..  115.66%,,
137,atfs-1;cco-1,Double mutant,1,57.15%,,
138,atfs-1;cyc-2.1,Double mutant,2,1.50% ..  4.76%,,
139,atfs-1;daf-2;rsks-1,Triple mutant,3,99.49% ..  123.86%,,
140,atg-10;daf-2,Double mutant,2,79.91% ..  86.45%,,
141,atg-16.2;daf-2,Double mutant,2,88.13% ..  104.21%,,
142,atg-18;daf-2,Double mutant,2,11.21% ..  77.63%,,
143,atg-18;glp-1,Double mutant,3,-21.86% ..  -8.06%,,
144,atg-18;mes-1,Double mutant,1,-26.51%,,
145,atg-18;rsks-1,Double mutant,4,-4.62% ..  3.90%,,
146,atg-3;daf-2,Double mutant,2,87.67% ..  105.14%,,
147,atg-4.1;daf-2,Double mutant,2,69.41% ..  74.30%,,
148,atg-4.2;daf-2,Double mutant,2,73.36% ..  81.28%,,
149,atg-5;daf-2,Double mutant,2,84.02% ..  119.63%,,
150,atg-7;daf-2,Double mutant,2,68.95% ..  95.79%,,
151,atg-9;ced-3,Double mutant,1,-25.46% .. 202.35%,[est.],
152,atg-9;clk-1,Double mutant,1,-20.82% .. 221.18%,[est.],
153,atg-9;daf-16,Double mutant,1,-60.56% .. 60.0%,[est.],
154,atg-9;daf-16;sir-2.1,Triple mutant,1,-61.14% .. 57.65%,[est.],
155,atg-9;daf-2,Double mutant,2,110.28% ..  113.24%,,
156,atg-9;mev-1,Double mutant,1,-51.57% .. 96.47%,[est.],
157,atg-9;rsks-1,Double mutant,1,-36.19% .. 158.82%,[est.],
158,atg-9;sir-2.1,Double mutant,2,-19.37% .. -78.59%,[est.],
159,atk-1;oga-1,Double mutant,1,24.53%,,
160,atm-1;atp-3,Double mutant,2,-75.00% ..  -68.71%,,
161,atm-1;frh-1,Double mutant,2,54.02% ..  60.74%,,
162,atp-3;cep-1,Double mutant,2,-27.65% ..  61.64%,,
163,atp-3;daf-16,Double mutant,1,-57.95% .. 70.59%,[est.],
164,atp-3;daf-2,Double mutant,1,18.33% .. 380.0%,[est.],
165,atp-3;egl-1,Double mutant,1,-52.76%,,
166,atp-3;fem-1;fer-15,Triple mutant,1,-26.91% .. 196.47%,[est.],
167,atp-3;mml-1,Double mutant,1,25.58%,,
168,atp-3;par-4,Double mutant,1,48.84%,,
169,atp-3;sad-1,Double mutant,1,33.14%,,
170,atp-4;daf-16,Double mutant,1,-37.94% .. 151.76%,[est.],
171,atp-4;daf-2,Double mutant,1,40.08% .. 468.24%,[est.],
172,atp-4;fem-1;fer-15,Triple mutant,1,-4.58% .. 287.06%,[est.],
173,atp-5;daf-16,Double mutant,1,-48.96% .. 107.06%,[est.],
174,atp-5;daf-2,Double mutant,1,71.98% .. 597.65%,[est.],
175,atp-5;fem-1;fer-15,Triple mutant,1,-24.3% .. 207.06%,[est.],
176,B0261.4;daf-16,Double mutant,1,-14.06%,,
177,B0303.9;daf-16;daf-2,Triple mutant,1,-34.69%,,
178,B0303.9;daf-2,Double mutant,1,80.27%,,
179,B0334.8;daf-16;rrf-3,Triple mutant,1,-68.01% .. 29.76%,[est.],
180,B0334.8;rrf-3;sir-2.1,Triple mutant,1,-46.55% .. 116.82%,[est.],
181,B0395.2;daf-16;daf-2,Triple mutant,1,-41.50%,,
182,B0395.2;daf-2,Double mutant,1,85.03%,,
183,B0464.7;daf-16;daf-2,Triple mutant,1,-31.97%,,
184,B0464.7;daf-2,Double mutant,1,72.79%,,
185,B0491.5;daf-16;daf-2,Triple mutant,1,-35.96%,,
186,B0491.5;daf-2,Double mutant,1,137.93%,,
187,B0491.5;eat-2,Double mutant,1,2.46%,,
188,B0511.8;daf-16;daf-2,Triple mutant,1,-31.53%,,
189,B0511.8;daf-2,Double mutant,1,139.90%,,
190,B0511.8;eat-2,Double mutant,1,41.38%,,
191,B0546.3;daf-16;rrf-3,Triple mutant,1,-10.23%,,
192,BE10.2;daf-16;daf-2,Triple mutant,1,-34.01%,,
193,BE10.2;daf-2,Double mutant,1,3.40%,,
194,bec-1;ced-3,Double mutant,1,-39.39% .. 145.88%,[est.],
195,bec-1;clk-1,Double mutant,4,-34.74% .. -140.94%,[est.],
196,bec-1;daf-15;unc-24,Triple mutant,6,-18.22% ..  -1.51%,,
197,bec-1;daf-16,Double mutant,1,-60.56% .. 60.0%,[est.],
198,bec-1;daf-16;sir-2.1,Triple mutant,1,-62.3% .. 52.94%,[est.],
199,bec-1;daf-2,Double mutant,3,89.50%,,
200,bec-1;daf-2;fem-1;fer-15,4-mutant,6,21.21% ..  45.14%,,
201,bec-1;eat-2,Double mutant,7,-28.43% ..  45.71%,,
202,bec-1;eat-2;rrf-3,Triple mutant,3,-19.29%,,
203,bec-1;fem-1;fer-15,Triple mutant,1,24.57%,,
204,bec-1;frh-1,Double mutant,2,-54.35% ..  -9.24%,,
205,bec-1;glp-1,Double mutant,3,-17.71% ..  11.73%,,
206,bec-1;isp-1,Double mutant,8,-2.29%,,
207,bec-1;LPL-4,Double mutant,3,-6.52% ..  6.25%,,
208,bec-1;mev-1,Double mutant,1,-56.79% .. 75.29%,[est.],
209,bec-1;rab-10,Double mutant,2,-15.43% ..  -13.10%,,
210,bec-1;rsks-1,Double mutant,5,-38.81% .. -157.41%,[est.],
211,bec-1;sir-2.1,Double mutant,2,-25.75% .. -104.47%,[est.],
212,bir-2;daf-2;fem-23;fer-15,4-mutant,1,-32.42% .. 174.12%,[est.],
213,blmp-1;daf-16;daf-2,Triple mutant,1,-46.94%,,
214,blmp-1;daf-2,Double mutant,1,120.41%,,
215,C01F1.1;daf-16;daf-2,Triple mutant,1,-42.86%,,
216,C01F1.2;daf-16;daf-2,Triple mutant,1,-32.51%,,
217,C01F1.2;daf-2,Double mutant,1,107.39%,,
218,C01F1.2;eat-2,Double mutant,1,31.53%,,
219,C01F6.1;daf-16;rrf-3,Triple mutant,1,-69.95% .. 21.88%,[est.],
220,C01F6.1;rrf-3;sir-2.1,Triple mutant,1,-60.12% .. 61.76%,[est.],
221,C06A5.1;daf-16;daf-2,Triple mutant,1,-49.66%,,
222,C06A5.1;daf-2,Double mutant,1,-24.49%,,
223,C06G1.1;daf-2,Double mutant,1,-17.63% .. 234.12%,[est.],
224,C07A9.2;daf-16;daf-2,Triple mutant,1,-43.54%,,
225,C07A9.2;daf-2,Double mutant,1,62.59%,,
226,C09B7.2;daf-16;rrf-3,Triple mutant,1,-76.31% .. -3.88%,[est.],
227,C09B7.2;rrf-3;sir-2.1,Triple mutant,1,-47.04% .. 114.82%,[est.],
228,C09D4.5;daf-16;daf-2,Triple mutant,1,-31.53%,,
229,C09D4.5;daf-2,Double mutant,1,150.74%,,
230,C09D4.5;eat-2,Double mutant,1,39.41%,,
231,C11H1.3;daf-16;daf-2,Triple mutant,1,-42.86%,,
232,C11H1.3;daf-2,Double mutant,1,54.42%,,
233,C12D8.10;daf-16;rrf-3,Triple mutant,1,-65.6% .. 39.53%,[est.],
234,C12D8.10;rrf-3;sir-2.1,Triple mutant,1,-34.31% .. 166.47%,[est.],
235,C14A4.9;daf-16;daf-2,Triple mutant,1,-35.37%,,
236,C14A4.9;daf-2,Double mutant,1,52.38%,,
237,C25H3.6;daf-16;daf-2,Triple mutant,1,-26.53%,,
238,C25H3.6;daf-2,Double mutant,1,53.06%,,
239,C26B9.3;daf-16;daf-2,Triple mutant,1,-44.90%,,
240,C26B9.3;daf-2,Double mutant,1,-17.01%,,
241,C27F2.5;daf-16;daf-2,Triple mutant,1,-39.46%,,
242,C27F2.5;daf-2,Double mutant,1,72.79%,,
243,C29F9.1;daf-16;daf-2,Triple mutant,1,-29.93%,,
244,C29F9.1;daf-2,Double mutant,1,68.71%,,
245,C29F9.2;daf-16;daf-2,Triple mutant,1,-29.93%,,
246,C29F9.2;daf-2,Double mutant,1,65.31%,,
247,C31H2.1;daf-16;daf-2,Triple mutant,1,-33.33%,,
248,C31H2.1;daf-2,Double mutant,1,85.71%,,
249,C32H11.1;daf-16;rrf-3,Triple mutant,1,-71.29% .. 16.47%,[est.],
250,C32H11.1;rrf-3;sir-2.1,Triple mutant,1,-54.96% .. 82.71%,[est.],
251,C33H5.18;daf-16;daf-2,Triple mutant,1,-42.86%,,
252,C33H5.18;daf-2,Double mutant,1,-13.61%,,
253,C34B4.1;daf-16;rrf-3,Triple mutant,1,-71.4% .. 16.0%,[est.],
254,C36H8.1;daf-16;rrf-3,Triple mutant,1,-69.26% .. 24.71%,[est.],
255,C36H8.1;rrf-3;sir-2.1,Triple mutant,1,-56.26% .. 77.41%,[est.],
256,C38C3.5;daf-16;daf-2,Triple mutant,1,-26.53%,,
257,C38C3.5;daf-2,Double mutant,1,94.56%,,
258,C39E9.1;daf-16;rrf-3,Triple mutant,1,-70.65% .. 19.06%,[est.],
259,C39E9.1;rrf-3;sir-2.1,Triple mutant,1,-51.71% .. 95.88%,[est.],
260,C40H1.8i;eat-2;lin-15b;nre-1,4-mutant,1,-56.09% .. 78.12%,[est.],
261,C40H1.8i;lin-15b;nre-1,Triple mutant,1,-60.9% .. 58.59%,[est.],
262,C40H5.6;daf-16;daf-2,Triple mutant,1,-43.54%,,
263,C40H5.6;daf-2,Double mutant,1,39.46%,,
264,C42C1.3;daf-16;rrf-3,Triple mutant,1,-9.80%,,
265,C47D12.6;daf-16;daf-2,Triple mutant,1,-36.45%,,
266,C47D12.6;daf-2,Double mutant,1,98.52%,,
267,C47D12.6;eat-2,Double mutant,1,24.63%,,
268,C48E7.2;daf-16;daf-2,Triple mutant,1,-33.00%,,
269,C48E7.2;daf-2,Double mutant,1,114.78%,,
270,C48E7.2;eat-2,Double mutant,1,48.77%,,
271,C51E3.7;daf-16;rrf-3,Triple mutant,1,-68.36% .. 28.35%,[est.],
272,C56E6.1;daf-16;daf-2,Triple mutant,1,-33.00%,,
273,C56E6.1;daf-2,Double mutant,1,131.03%,,
274,C56E6.1;eat-2,Double mutant,1,43.35%,,
275,cbp-1;clk-1,Double mutant,1,-20.07%,,
276,cbp-1;daf-16,Double mutant,1,-41.46%,,
277,cbp-1;daf-16;rrf3,Triple mutant,1,-22.86%,,
278,cbp-1;daf-2,Double mutant,1,21.41%,,
279,cbp-1;eat-2,Double mutant,1,-27.81%,,
280,cbp-1;glp-1,Double mutant,1,-4.98%,,
281,cbp-1;mev-1,Double mutant,1,-25.85%,,
282,cbp-1;rrf3,Double mutant,5,-28.50% ..  -16.45%,,
283,cchl-1;daf-16,Double mutant,1,-49.25% .. 105.88%,[est.],
284,cchl-1;daf-2,Double mutant,1,13.4% .. 360.0%,[est.],
285,cchl-1;fem-1;fer-15,Triple mutant,1,-48.09% .. 110.59%,[est.],
286,cco-1;cep-1,Double mutant,1,69.81%,,
287,cco-1;daf-16,Double mutant,1,-57.66% .. 71.76%,[est.],
288,cco-1;daf-16;skn-1,Triple mutant,2,7.28% ..  23.18%,,
289,cco-1;daf-2,Double mutant,1,40.08% .. 468.24%,[est.],
290,cco-1;fem-1;fer-15,Triple mutant,1,-44.9% .. 123.53%,[est.],
291,cco-1;hif-1,Double mutant,1,43.88%,,
292,cco-1;kin-29,Double mutant,1,44.19%,,
293,cco-1;mml-1,Double mutant,1,51.16%,,
294,cco-1;nhr-49,Double mutant,2,-16.57% ..  14.12%,,
295,cco-1;nhr-62,Double mutant,2,92.42% ..  109.40%,,
296,cco-1;par-4,Double mutant,1,64.53%,,
297,cco-1;sad-1,Double mutant,1,22.09%,,
298,cco-2;daf-16,Double mutant,1,-28.07% .. 191.76%,[est.],
299,cco-2;daf-2,Double mutant,1,54.0% .. 524.71%,[est.],
300,cco-2;fem-1;fer-15,Triple mutant,1,-20.82% .. 221.18%,[est.],
301,ccr-4;daf-16;daf-2,Triple mutant,1,-42.86%,,
302,ccr-4;daf-2,Double mutant,1,62.59%,,
303,CD4.4;daf-16;daf-2,Triple mutant,1,-48.98%,,
304,CD4.4;daf-2,Double mutant,1,38.78%,,
305,cdk-2;daf-16,Double mutant,3,-5.46% ..  3.63%,,
306,cdk-2;glp-1,Double mutant,3,19.69% ..  25.40%,,
307,cdk-2;kri-1,Double mutant,3,1.06% ..  12.44%,,
308,cdk-2;skn-1,Double mutant,3,-14.87% ..  -13.24%,,
309,cdr-5;rrf-3,Double mutant,1,-26.33% .. 198.82%,[est.],
310,Ce-atg7;eat-2,Double mutant,1,-8.14%,,
311,ced-13;ced-4;isp-1,Triple mutant,3,25.27% ..  30.36%,,
312,ced-13;ced-4;nuo-6,Triple mutant,3,24.38% ..  34.01%,,
313,ced-13;isp-1,Double mutant,3,12.64% ..  36.05%,,
314,ced-3;unc-51,Double mutant,1,-26.91% .. 196.47%,[est.],
315,ced-4;cyc-2.1,Double mutant,1,-9.77% .. 266.0%,[est.],
316,ced-4;egl-1;isp-1,Triple mutant,3,30.71% ..  34.28%,,
317,ced-4;egl-1;nuo-6,Triple mutant,3,31.90% ..  40.04%,,
318,ced-4;isp-1,Double mutant,5,25.46% ..  43.92%,,
319,ced-4;nuo-6,Double mutant,9,25.24% ..  60.88%,,
320,ceh-18;isp-1,Double mutant,1,-36.75% .. 156.59%,[est.],
321,ceh-18;tpk-1,Double mutant,1,-12.91% .. 253.29%,[est.],
322,ceh-23;ctb-1;isp-1,Triple mutant,18,9.36% ..  52.07%,,
323,ceh-23;isp-1,Double mutant,14,-4.59% ..  42.90%,,
324,ceh-24;isp-1,Double mutant,1,-20.33% .. 223.18%,[est.],
325,cel-1;daf-16;daf-2,Triple mutant,1,-43.54%,,
326,cel-1;daf-2,Double mutant,1,-39.46%,,
327,cep-1;clk-1,Double mutant,5,-15.06% ..  18.18%,,
328,cep-1;cyc-2.1,Double mutant,1,2.81% .. 317.06%,[est.],
329,cep-1;frh-1,Double mutant,1,33.33%,,
330,cep-1;ftn-1;ftn-2,Triple mutant,2,1.46% ..  10.32%,,
331,cep-1;ftn-1;ftn-2;isp-1,4-mutant,2,8.06% ..  35.04%,,
332,cep-1;ftn-1;ftn-2;mev-1,4-mutant,2,-16.22% ..  -11.60%,,
333,cep-1;gas-1,Double mutant,5,-19.88% ..  22.21%,,
334,cep-1;isp-1,Double mutant,6,9.62% ..  82.39%,,
335,cep-1;mev-1,Double mutant,12,-16.28% ..  16.65%,,
336,cep-1;nuo-6,Double mutant,1,3.35%,,
337,chc-1;daf-16,Double mutant,1,-37.93%,,
338,chc-1;daf-2,Double mutant,1,86.70%,,
339,chc-1;eat-2,Double mutant,1,18.72%,,
340,chc-1;ifg-1,Double mutant,2,4.87% ..  8.87%,,
341,chc-1;isp-1,Double mutant,1,45.81%,,
342,chc-1;rsks-1,Double mutant,1,13.30%,,
343,cit-1.2;daf-16;daf-2,Triple mutant,1,-33.33%,,
344,cit-1.2;daf-2,Double mutant,1,88.44%,,
345,cku-70;daf-16,Double mutant,1,-9.22%,,
346,cku-70;daf-16;daf-2,Triple mutant,1,2.84%,,
347,cku-70;daf-2,Double mutant,1,131.21%,,
348,cku-70;daf-2;glp-4,Triple mutant,1,162.41%,,
349,cku-70;rrf-3,Double mutant,1,9.93%,,
350,cku-80;daf-2,Double mutant,1,59.57%,,
351,cku-80;daf-2;glp-4,Triple mutant,1,134.75%,,
352,cku-80;rrf-3,Double mutant,1,4.26%,,
353,clk-10;daf-2,Double mutant,1,80.76%,,
354,clk-1;clk-2,Double mutant,6,37.73% ..  89.93%,,
355,clk-1;clk-3,Double mutant,6,10.56% ..  191.95%,,
356,clk-1;cup-4,Double mutant,2,26.74% ..  33.54%,,
357,clk-1;daf-16,Double mutant,3,-15.30% ..  36.24%,,
358,clk-1;daf-2,Double mutant,5,60.43% ..  477.65%,,
359,clk-1;drp-1,Double mutant,1,76.58%,,
360,clk-1;eat-2,Double mutant,2,21.00% ..  39.59%,,
361,clk-1;egl-1,Double mutant,1,32.03%,,
362,clk-1;egl-9,Double mutant,1,31.94%,,
363,clk-1;ife-2,Double mutant,1,63.19%,,
364,clk-1;ifg-1,Double mutant,1,-30.1% .. 183.53%,[est.],
365,clk-1;mekk-3,Double mutant,2,49.66% ..  106.76%,,
366,clk-1;nlp-7,Double mutant,2,28.49% ..  34.16%,,
367,clk-1;prmt-1,Double mutant,1,-43.16% .. 130.59%,[est.],
368,clk-1;rsks-1,Double mutant,1,-35.9% .. 160.0%,[est.],
369,clk-1;skn-1,Double mutant,2,12.79% ..  18.63%,,
370,clk-1;smk-1,Double mutant,1,-9.29%,,
371,clk-1;sod-2,Double mutant,1,146.89%,,
372,clk-1;unc-51,Double mutant,1,-23.14% .. 211.76%,[est.],
373,clk-1;vhl-1,Double mutant,2,33.33% ..  41.10%,,
374,clk-2;clk-3,Double mutant,3,27.95% ..  49.66%,,
375,clk-2;daf-2,Double mutant,1,268.35%,,
376,clk-2;gro-1,Double mutant,2,-17.45%,,
377,clk-3;daf-16,Double mutant,1,28.86%,,
378,clk-3;daf-2,Double mutant,1,123.09%,,
379,clk-3;gro-1,Double mutant,3,-9.32% ..  6.71%,,
380,clk-4;daf-2,Double mutant,1,123.09%,,
381,clk-5;daf-2,Double mutant,1,85.18%,,
382,clk-7;daf-2,Double mutant,1,139.97%,,
383,clk-8;daf-2,Double mutant,1,130.73%,,
384,clk-9;daf-2,Double mutant,1,136.75%,,
385,cmk-1;trpa-1,Double mutant,2,48.86% ..  58.18%,,
386,cnc-2;rrf-3,Double mutant,2,-24.01% .. -97.41%,[est.],
387,cnc-7;rrf-3,Double mutant,2,-28.07% .. -113.88%,[est.],
388,col-127;daf-2,Double mutant,1,-24.88% .. 204.71%,[est.],
389,col-13;daf-2,Double mutant,1,-31.26% .. 178.82%,[est.],
390,col-144;daf-2,Double mutant,2,60.00% ..  130.71%,,
391,col-84;daf-16;daf-2,Triple mutant,1,-40.82%,,
392,col-84;daf-2,Double mutant,1,65.99%,,
393,cst-1;daf-16,Double mutant,1,-14.72%,,
394,cst-1;daf-2,Double mutant,1,7.25%,,
395,ctb-1;drp-1;isp-1,Triple mutant,1,78.98%,,
396,ctb-1;isp-1,Double mutant,8,27.21% ..  67.35%,,
397,ctl-1;ctl-2;ctl-3,Triple mutant,3,-55.92% .. -226.82%,[est.],
398,ctl-1;ctl-2;ctl-3;sod-1,4-mutant,2,-42.0% .. -170.35%,[est.],
399,ctl-1;ctl-2;ctl-3;sod-2,4-mutant,2,-39.68% .. -160.94%,[est.],
400,ctl-1;ctl-2;daf-2;fem-23;fer-15,5-mutant,1,-28.36% .. 190.59%,[est.],
401,ctl-1;daf-2;fem-15;fer-15,4-mutant,1,-2.55% .. 295.29%,[est.],
402,ctl-1;daf-2;fem-23;fer-15,4-mutant,1,-31.26% .. 178.82%,[est.],
403,ctl-1;daf-2;rrf-3,Triple mutant,1,-6.03% .. 281.18%,[est.],
404,ctl-2;daf-2;fem-19;fer-15,4-mutant,1,3.25% .. 318.82%,[est.],
405,ctl-2;daf-2;fem-23;fer-15,4-mutant,1,-25.17% .. 203.53%,[est.],
406,ctl-2;daf-2;fem-6;fer-15,4-mutant,1,-60.56% .. 60.0%,[est.],
407,ctl-2;daf-2;rrf-3,Triple mutant,1,-2.84% .. 294.12%,[est.],
408,ctl-2;fem-1;fer-15,Triple mutant,1,-60.85% .. 58.82%,[est.],
409,cua-1;daf-16;daf-2,Triple mutant,1,-35.37%,,
410,cua-1;daf-2,Double mutant,1,-25.17%,,
411,cul-1;daf-2,Double mutant,10,15.59%,,
412,cul-1;glp-1,Double mutant,3,21.51% ..  22.58%,,
413,cul-2;daf-2,Double mutant,1,48.39%,,
414,cul-2;glp-1,Double mutant,1,34.95%,,
415,cul-3;daf-2,Double mutant,1,35.48%,,
416,cul-3;glp-1,Double mutant,1,12.37%,,
417,cul-4;daf-2,Double mutant,1,40.86%,,
418,cul-4;glp-1,Double mutant,1,32.26%,,
419,cul-5;daf-2,Double mutant,1,48.92%,,
420,cul-5;glp-1,Double mutant,1,42.47%,,
421,cul-6;daf-2,Double mutant,1,40.86%,,
422,cul-6;glp-1,Double mutant,1,39.25%,,
423,cup-4;eat-2,Double mutant,2,0.52% ..  8.21%,,
424,cup-4;nlp-7,Double mutant,2,-16.74% ..  -15.45%,,
425,cup-4;npl-7,Double mutant,4,-24.43% ..  -11.76%,,
426,cup-4;skn-1,Double mutant,2,-31.67% ..  -20.00%,,
427,cutl-28;daf-16;rrf-3,Triple mutant,1,-25.75%,,
428,cyc-1;daf-16,Double mutant,3,46.86% ..  53.80%,,
429,cyc-1;daf-16;skn-1,Triple mutant,2,5.95% ..  9.68%,,
430,cyc-1;daf-2,Double mutant,1,20.36% .. 388.24%,[est.],
431,cyc-1;fem-1;fer-15,Triple mutant,1,-30.39% .. 182.35%,[est.],
432,cyc-1;hif-1,Double mutant,1,62.50%,,
433,cyc-1;nhr-49,Double mutant,1,-12.43%,,
434,cyc-1;nhr-80,Double mutant,2,18.18% ..  64.10%,,
435,cyc-1;pha-4,Double mutant,1,35.19%,,
436,cyc-1;smk-1,Double mutant,1,46.29%,,
437,cyc-2.1;daf-12,Double mutant,1,-12.99% .. 252.94%,[est.],
438,cyc-2.1;daf-16,Double mutant,1,-27.49% .. 194.12%,[est.],
439,cyc-2.1;daf-2,Double mutant,2,242.50% ..  264.02%,,
440,cyc-2.1;daf-2;rsks-1,Triple mutant,2,226.50% ..  246.03%,,
441,cyc-2.1;drp-1,Double mutant,3,45.55% ..  58.82%,,
442,cyc-2.1;rsks-1,Double mutant,2,44.00% ..  65.08%,,
443,cye-1;daf-12,Double mutant,3,-4.41% ..  -1.55%,,
444,cye-1;daf-16,Double mutant,7,-15.34% ..  0.53%,,
445,cye-1;daf-2,Double mutant,2,197.45% ..  206.32%,,
446,cye-1;daf-9,Double mutant,3,-4.41% ..  3.11%,,
447,cye-1;glp-1,Double mutant,4,22.22% ..  33.85%,,
448,cye-1;kri-1,Double mutant,3,3.19% ..  11.94%,,
449,cye-1;mes-1,Double mutant,5,13.99% ..  25.91%,,
450,cye-1;rrf-1,Double mutant,3,15.71% ..  24.74%,,
451,cye-1;skn-1,Double mutant,3,-22.89% ..  -14.89%,,
452,cyp-35A2;fat-5,Double mutant,1,38.26%,,
453,cyp-42A1;daf-16;daf-2,Triple mutant,1,-57.82%,,
454,cyp-42A1;daf-2,Double mutant,1,-41.50%,,
455,D1069.3;daf-16;daf-2,Triple mutant,1,-31.29%,,
456,D1069.3;daf-2,Double mutant,1,93.20%,,
457,D2013.7;daf-16;daf-2,Triple mutant,1,-33.50%,,
458,D2013.7;daf-2,Double mutant,1,119.21%,,
459,D2013.7;eat-2,Double mutant,1,59.11%,,
460,D2030.4;daf-16,Double mutant,1,11.98%,,
461,D2085.3;daf-2,Double mutant,1,142.36%,,
462,D2085.3;eat-2,Double mutant,1,38.42%,,
463,D2085.5;daf-16;daf-2,Triple mutant,1,-29.93%,,
464,D2085.5;daf-2,Double mutant,1,86.39%,,
465,daf-10;daf-16,Double mutant,1,-7.45%,,
466,daf-10;daf-2,Double mutant,1,97.87%,,
467,daf-10;nmur-1,Double mutant,2,80.17% ..  86.73%,,
468,daf-12;daf-16;daf-2,Triple mutant,1,-64.62% .. 43.53%,[est.],
469,daf-12;daf-2,Double mutant,2,-37.06% .. -150.35%,[est.],
470,daf-12;daf-28,Double mutant,1,-3.38%,,
471,daf-12;daf-2;rsks-1,Triple mutant,2,7.31% .. 29.65%,[est.],
472,daf-12;daf-9,Double mutant,1,4.82%,,
473,daf-12;ddl-1,Double mutant,2,-49.83% .. -202.12%,[est.],
474,daf-12;ddl-2,Double mutant,2,-55.63% .. -225.65%,[est.],
475,daf-12;ddl-3,Double mutant,2,-54.47% .. -220.94%,[est.],
476,daf-12;glp-1,Double mutant,3,-57.95% .. -235.06%,[est.],
477,daf-12;glp-1;nhr-80,Triple mutant,3,-50.7% .. -205.65%,[est.],
478,daf-12;gpi-1,Double mutant,2,-45.77% .. -185.65%,[est.],
479,daf-12;maoc-1,Double mutant,2,-51.57% .. -209.18%,[est.],
480,daf-12;pkc-2,Double mutant,1,-31.55% .. 177.65%,[est.],
481,daf-12;sinh-1,Double mutant,2,-49.54% .. -200.94%,[est.],
482,daf-12;trpa-1,Double mutant,1,-31.55% .. 177.65%,[est.],
483,daf-12;ttr-1,Double mutant,2,-54.76% .. -222.12%,[est.],
484,daf-15;daf-16,Double mutant,3,-22.01% ..  -13.25%,,
485,daf-15;daf-16;dpy-20;dpy-20,4-mutant,1,-20.63%,,
486,daf-15;daf-2;dpy-20;dpy-20,4-mutant,1,149.21%,,
487,daf-15;ddr-2;let-363,Triple mutant,2,1.35% ..  3.76%,,
488,daf-15;dpy-20,Double mutant,1,30.16%,,
489,daf-15;hif-1;unc-24,Triple mutant,1,22.06%,,
490,daf-15;hsf-1,Double mutant,2,-30.48% ..  -27.42%,,
491,daf-15;let-363,Double mutant,2,30.87% ..  62.61%,,
492,daf-15;skn-1,Double mutant,3,-20.41% ..  -17.83%,,
493,daf-15;unc-24,Double mutant,5,9.55% ..  22.06%,,
494,daf-16;daf-16,Double mutant,1,-37.44%,,
495,daf-16;daf-16;daf-2,Triple mutant,24,-31.97%,,
496,daf-16;daf-16;glp-1,Triple mutant,14,-57.37% .. -232.71%,[est.],
497,daf-16;daf-18,Double mutant,1,-19.67%,,
498,daf-16;daf-19,Double mutant,1,-18.62%,,
499,daf-16;daf-2,Double mutant,95,-41.38% ..  34.43%,,
500,daf-16;daf-23,Double mutant,1,-65.2% .. 41.18%,[est.],
501,daf-16;daf-28,Double mutant,1,-32.37%,,
502,daf-16;daf-2;drp-1,Triple mutant,1,-14.94%,,
503,daf-16;daf-2;egr-1,Triple mutant,1,-49.66%,,
504,daf-16;daf-2;elo-5,Triple mutant,1,-36.73%,,
505,daf-16;daf-2;F14B4.3,Triple mutant,1,-35.96%,,
506,daf-16;daf-2;F22D6.3,Triple mutant,1,-35.96%,,
507,daf-16;daf-2;F26E4.4,Triple mutant,1,-35.96%,,
508,daf-16;daf-2;F28D1.9,Triple mutant,1,-36.73%,,
509,daf-16;daf-2;F30A10.10,Triple mutant,1,-45.58%,,
510,daf-16;daf-2;F33H2.8,Triple mutant,1,-44.90%,,
511,daf-16;daf-2;F37C4.4,Triple mutant,1,-40.82%,,
512,daf-16;daf-2;F40F12.7,Triple mutant,1,-30.61%,,
513,daf-16;daf-2;F43D2.1,Triple mutant,1,-56.46%,,
514,daf-16;daf-2;F52C6.2,Triple mutant,1,-29.25%,,
515,daf-16;daf-2;F55B12.4,Triple mutant,1,-42.86%,,
516,daf-16;daf-2;F59A3.3,Triple mutant,1,-33.50%,,
517,daf-16;daf-2;F59C6.4,Triple mutant,1,-33.00%,,
518,daf-16;daf-2;F59C6.5,Triple mutant,1,-35.47%,,
519,daf-16;daf-2;fem-17;fer-15,4-mutant,1,-51.86% .. 95.29%,[est.],
520,daf-16;daf-2;fem-1;fer-15,4-mutant,5,-51.86% .. -210.35%,[est.],
521,daf-16;daf-2;fem-23;fer-15,4-mutant,2,-56.79% .. -230.35%,[est.],
522,daf-16;daf-2;fem-2;fer-15,4-mutant,1,-66.65% .. 35.29%,[est.],
523,daf-16;daf-2;gdi-1,Triple mutant,1,-36.05%,,
524,daf-16;daf-2;glf-1,Triple mutant,1,-55.78%,,
525,daf-16;daf-2;H27M09.1,Triple mutant,1,-38.10%,,
526,daf-16;daf-2;his-71,Triple mutant,1,-31.97%,,
527,daf-16;daf-2;hpk-1,Triple mutant,1,-37.41%,,
528,daf-16;daf-2;hsf-1,Triple mutant,1,-63.27%,,
529,daf-16;daf-2;K01C8.6,Triple mutant,1,-33.99%,,
530,daf-16;daf-2;K11B4.1,Triple mutant,1,-34.98%,,
531,daf-16;daf-2;K11D12.9,Triple mutant,1,-30.61%,,
532,daf-16;daf-2;let-653,Triple mutant,1,-36.73%,,
533,daf-16;daf-2;lmn-1,Triple mutant,1,-41.50%,,
534,daf-16;daf-2;lsm-4,Triple mutant,1,-41.50%,,
535,daf-16;daf-2;lsm-7,Triple mutant,1,-39.46%,,
536,daf-16;daf-2;M03F4.7,Triple mutant,1,-43.54%,,
537,daf-16;daf-2;M05B5.2,Triple mutant,1,-62.59%,,
538,daf-16;daf-2;M57.2,Triple mutant,1,-38.10%,,
539,daf-16;daf-2;mag-1,Triple mutant,1,-36.73%,,
540,daf-16;daf-2;mcm-2,Triple mutant,1,-31.29%,,
541,daf-16;daf-2;mdh-1,Triple mutant,1,-34.01%,,
542,daf-16;daf-2;mep-1,Triple mutant,1,-42.86%,,
543,daf-16;daf-2;mxl-2,Triple mutant,1,-51.70%,,
544,daf-16;daf-2;npp-2,Triple mutant,1,-47.62%,,
545,daf-16;daf-2;npp-3,Triple mutant,1,-40.82%,,
546,daf-16;daf-2;nsh-1,Triple mutant,1,-48.30%,,
547,daf-16;daf-2;ntl-3,Triple mutant,1,-38.10%,,
548,daf-16;daf-2;pep-2,Triple mutant,1,-10.91%,,
549,daf-16;daf-2;pnk-1,Triple mutant,1,-45.58%,,
550,daf-16;daf-2;ptr-23,Triple mutant,1,-33.33%,,
551,daf-16;daf-2;R12B2.6,Triple mutant,1,-27.89%,,
552,daf-16;daf-2;R53.4,Triple mutant,1,-35.96%,,
553,daf-16;daf-2;rab-7,Triple mutant,1,-45.58%,,
554,daf-16;daf-2;rrf-3,Triple mutant,4,-23.28%,,
555,daf-16;daf-2;rsks-1,Triple mutant,7,-10.40% ..  -7.09%,,
556,daf-16;daf-2;sdc-2,Triple mutant,1,-48.30%,,
557,daf-16;daf-2;sea-2,Triple mutant,1,-24.28%,,
558,daf-16;daf-2;skn-1,Triple mutant,1,-29.18%,,
559,daf-16;daf-2;smn-1,Triple mutant,1,-42.18%,,
560,daf-16;daf-2;spl-1,Triple mutant,1,-44.90%,,
561,daf-16;daf-2;T14G10.1,Triple mutant,1,-39.46%,,
562,daf-16;daf-2;T19B10.2,Triple mutant,1,-53.06%,,
563,daf-16;daf-2;T22B11.2,Triple mutant,1,-36.73%,,
564,daf-16;daf-2;T27F7.1,Triple mutant,1,-51.70%,,
565,daf-16;daf-2;tag-249,Triple mutant,1,-63.95%,,
566,daf-16;daf-2;tag-318,Triple mutant,1,-39.46%,,
567,daf-16;daf-2;tag-332,Triple mutant,1,-27.89%,,
568,daf-16;daf-2;tlf-1,Triple mutant,1,-33.33%,,
569,daf-16;daf-2;top-1,Triple mutant,1,-27.89%,,
570,daf-16;daf-2;ufd-1,Triple mutant,1,-61.90%,,
571,daf-16;daf-2;ulp-1,Triple mutant,1,-41.50%,,
572,daf-16;daf-2;vps-16,Triple mutant,1,-38.10%,,
573,daf-16;daf-2;vrk-1,Triple mutant,1,-41.50%,,
574,daf-16;daf-2;W01B11.3,Triple mutant,1,-34.48%,,
575,daf-16;daf-2;W04G3.2,Triple mutant,1,-53.06%,,
576,daf-16;daf-2;W06E11.4,Triple mutant,1,-35.37%,,
577,daf-16;daf-2;wip-1,Triple mutant,1,-17.01%,,
578,daf-16;daf-2;wwp-1,Triple mutant,1,-36.73%,,
579,daf-16;daf-2;Y39C12A.2,Triple mutant,1,-61.22%,,
580,daf-16;daf-2;Y39G10AL.3,Triple mutant,1,-44.22%,,
581,daf-16;daf-2;Y39G10AR.8,Triple mutant,1,-35.96%,,
582,daf-16;daf-2;Y42G9A.4,Triple mutant,1,-31.29%,,
583,daf-16;daf-2;Y47G6A.10,Triple mutant,1,-33.99%,,
584,daf-16;daf-2;Y47G6A.18,Triple mutant,1,-41.50%,,
585,daf-16;daf-2;Y48G1A.4,Triple mutant,1,-35.47%,,
586,daf-16;daf-2;Y54G2A.31,Triple mutant,1,-31.29%,,
587,daf-16;daf-2;Y55F3AM.3,Triple mutant,1,-37.41%,,
588,daf-16;daf-2;Y57A10A.19,Triple mutant,1,-44.90%,,
589,daf-16;daf-2;Y57G11C.13,Triple mutant,1,-37.41%,,
590,daf-16;daf-2;Y59A8B.2,Triple mutant,1,-48.98%,,
591,daf-16;daf-2;Y61A9LA.5,Triple mutant,1,-37.41%,,
592,daf-16;daf-2;Y65B4A.3,Triple mutant,1,-56.46%,,
593,daf-16;daf-2;Y77E11A.7,Triple mutant,1,-41.50%,,
594,daf-16;daf-2;ZC250.3,Triple mutant,1,-50.34%,,
595,daf-16;daf-2;ZK973.10,Triple mutant,1,-34.98%,,
596,daf-16;daf-7,Double mutant,4,-28.92% ..  -3.70%,,
597,daf-16;daf-9,Double mutant,1,12.55%,,
598,daf-16;ddl-1,Double mutant,2,-63.46% .. -257.41%,[est.],
599,daf-16;ddl-2,Double mutant,1,-58.24% .. 69.41%,[est.],
600,daf-16;ddl-3,Double mutant,2,-64.04% .. -259.76%,[est.],
601,daf-16;dld-1;rrf-3,Triple mutant,1,68.46%,,
602,daf-16;dpy-20,Double mutant,1,-13.49%,,
603,daf-16;drp-1,Double mutant,1,-37.01%,,
604,daf-16;drr-1,Double mutant,1,-55.63% .. 80.0%,[est.],
605,daf-16;drr-2,Double mutant,1,-57.66% .. 71.76%,[est.],
606,daf-16;eak-3,Double mutant,1,-36.24%,,
607,daf-16;eak-7,Double mutant,2,-24.49% ..  -20.71%,,
608,daf-16;eif-1,Double mutant,1,-7.56%,,
609,daf-16;eif-1;skn-1,Triple mutant,1,-27.41%,,
610,daf-16;elt-6;rrf-3,Triple mutant,1,-2.73%,,
611,daf-16;epc-1;rrf-3,Triple mutant,1,-30.15%,,
612,daf-16;ets-4,Double mutant,1,-16.00%,,
613,daf-16;F07A5.1;rrf-3,Triple mutant,1,-68.74% .. 26.82%,[est.],
614,daf-16;F08B4.7;rrf-3,Triple mutant,1,9.21%,,
615,daf-16;F09F7.5;rrf-3,Triple mutant,1,-68.3% .. 28.59%,[est.],
616,daf-16;F13B6.1;rrf-3,Triple mutant,1,40.92%,,
617,daf-16;F13G3.7,Double mutant,1,-29.17%,,
618,daf-16;F15E6.1;rrf-3,Triple mutant,1,-69.72% .. 22.82%,[est.],
619,daf-16;F21H12.1;rrf-3,Triple mutant,1,-74.04% .. 5.29%,[est.],
620,daf-16;F26E4.6,Double mutant,1,15.10%,,
621,daf-16;F26E4.9,Double mutant,1,31.77%,,
622,daf-16;F28B3.5,Double mutant,1,-38.54%,,
623,daf-16;F42A6.1;rrf-3,Triple mutant,1,-9.80%,,
624,daf-16;F49C12.9;rrf-3,Triple mutant,1,-11.51%,,
625,daf-16;F54C4.2;rrf-3,Triple mutant,1,-63.95% .. 46.24%,[est.],
626,daf-16;F54H12.1;rrf-3,Triple mutant,1,-74.51% .. 3.41%,[est.],
627,daf-16;F55B11.1;rrf-3,Triple mutant,1,-70.36% .. 20.24%,[est.],
628,daf-16;F57B10.3,Double mutant,1,-35.94%,,
629,daf-16;faah-1,Double mutant,3,-47.8% .. -193.88%,[est.],
630,daf-16;fasn-1,Double mutant,1,-40.39%,,
631,daf-16;fem-1;fer-15,Triple mutant,3,-75.93% .. -308.0%,[est.],
632,daf-16;fer-15,Double mutant,1,-70.71% .. 18.82%,[est.],
633,daf-16;fer-15;shc-1,Triple mutant,1,-70.42% .. 20.0%,[est.],
634,daf-16;flr-4,Double mutant,2,0.46% ..  19.73%,,
635,daf-16;frh-1,Double mutant,1,-46.91%,,
636,daf-16;ftt-1,Double mutant,2,-54.21% ..  -25.93%,,
637,daf-16;ftt-2,Double mutant,4,-62.11% ..  -6.35%,,
638,daf-16;gcy-35;npr-1,Triple mutant,3,8.66% ..  12.81%,,
639,daf-16;glp-1,Double mutant,39,-27.18% ..  -13.44%,,
640,daf-16;glp-1;nhr-80,Triple mutant,4,-82.6% .. -335.06%,[est.],
641,daf-16;gpa-1,Double mutant,1,8.57%,,
642,daf-16;gpa-11,Double mutant,1,-18.86%,,
643,daf-16;gpc-1,Double mutant,1,1.71%,,
644,daf-16;gpi-1,Double mutant,2,-59.4% .. -240.94%,[est.],
645,daf-16;grl-19;rrf-3,Triple mutant,1,-18.16%,,
646,daf-16;gro-1,Double mutant,1,19.46%,,
647,daf-16;hcf-1,Double mutant,10,-42.47% ..  -16.03%,,
648,daf-16;hif-1,Double mutant,16,-26.00% ..  5.23%,,
649,daf-16;hsf-1,Double mutant,2,-56.28% ..  -37.04%,,
650,daf-16;ife-2,Double mutant,5,-17.58% ..  24.73%,,
651,daf-16;ifg-1,Double mutant,9,-33.46% ..  0.25%,,
652,daf-16;ifg-1;skn-1,Triple mutant,1,-20.51%,,
653,daf-16;ifta-2,Double mutant,1,5.22%,,
654,daf-16;iftb-1,Double mutant,3,-64.33% .. -260.94%,[est.],
655,daf-16;inx-8;rrf-3,Triple mutant,1,-14.49%,,
656,daf-16;inx-9;rrf-3,Triple mutant,1,-18.67%,,
657,daf-16;jnk-1,Double mutant,1,-17.61%,,
658,daf-16;K01C8.7,Double mutant,1,-14.58%,,
659,daf-16;K04G7.4;rrf-3,Triple mutant,1,-73.84% .. 6.12%,[est.],
660,daf-16;K07H8.8;rrf-3,Triple mutant,1,-19.69%,,
661,daf-16;K08D10.7;rrf-3,Triple mutant,1,-69.75% .. 22.71%,[est.],
662,daf-16;K08E3.5;rrf-3,Triple mutant,1,-71.93% .. 13.88%,[est.],
663,daf-16;K10B4.3;rrf-3,Triple mutant,1,-71.55% .. 15.41%,[est.],
664,daf-16;K11D12.1;rrf-3,Triple mutant,1,-69.75% .. 22.71%,[est.],
665,daf-16;K12H4.5;rrf-3,Triple mutant,1,7.89%,,
666,daf-16;let-363,Double mutant,4,-55.34% .. -224.47%,[est.],
667,daf-16;let-711,Double mutant,1,-40.39%,,
668,daf-16;lin-14,Double mutant,2,-22.69% ..  -5.62%,,
669,daf-16;lin-4,Double mutant,1,-61.88%,,
670,daf-16;maoc-1,Double mutant,2,-59.4% .. -240.94%,[est.],
671,daf-16;mars-1;rrf-3,Triple mutant,1,16.11%,,
672,daf-16;mdt-15,Double mutant,1,-40.39%,,
673,daf-16;mekk-3,Double mutant,2,28.17% ..  47.07%,,
674,daf-16;mpk-1,Double mutant,1,-66.94% .. 34.12%,[est.],
675,daf-16;mrlp-1;rrf-3,Triple mutant,1,1.96%,,
676,daf-16;mxl-1,Double mutant,2,1.48% ..  2.96%,,
677,daf-16;mxl-2,Double mutant,2,0.74% ..  5.19%,,
678,daf-16;nhr-49,Double mutant,2,-41.87% ..  -5.95%,,
679,daf-16;nmur-1,Double mutant,1,0.85%,,
680,daf-16;npr-1,Double mutant,3,2.59% ..  15.74%,,
681,daf-16;nuo-2,Double mutant,1,-60.27% .. 61.18%,[est.],
682,daf-16;nuo-3,Double mutant,1,-47.8% .. 111.76%,[est.],
683,daf-16;nuo-4,Double mutant,1,-40.55% .. 141.18%,[est.],
684,daf-16;nuo-5,Double mutant,1,-56.79% .. 75.29%,[est.],
685,daf-16;ocr-2,Double mutant,3,-48.96% ..  -22.92%,,
686,daf-16;odr-3,Double mutant,1,-22.29%,,
687,daf-16;oga-1,Double mutant,1,-6.92%,,
688,daf-16;ogdh-1;rrf-3,Triple mutant,1,66.41%,,
689,daf-16;ogt-1,Double mutant,1,-19.50%,,
690,daf-16;osm-3,Double mutant,1,2.13%,,
691,daf-16;osm-5,Double mutant,1,-0.53%,,
692,daf-16;osm-6,Double mutant,1,-60.19%,,
693,daf-16;par-5,Double mutant,2,-30.00% ..  -28.57%,,
694,daf-16;pat-4,Double mutant,1,-55.05% .. 82.35%,[est.],
695,daf-16;pat-4;rrf-3,Triple mutant,1,5.92%,,
696,daf-16;pat-6,Double mutant,1,-57.66% .. 71.76%,[est.],
697,daf-16;pdk-1,Double mutant,2,-20.11% ..  -11.76%,,
698,daf-16;pep-2,Double mutant,2,-32.73% ..  -31.62%,,
699,daf-16;pkc-2,Double mutant,4,-26.26% ..  -13.57%,,
700,daf-16;pmq-1,Double mutant,1,-22.18%,,
701,daf-16;pod-1;rrf-3,Triple mutant,1,-40.81%,,
702,daf-16;prmt-1,Double mutant,6,-68.1% .. -276.24%,[est.],
703,daf-16;qars-1;rrf-3,Triple mutant,1,-0.43%,,
704,daf-16;R05A10.5;rrf-3,Triple mutant,1,-69.34% .. 24.35%,[est.],
705,daf-16;R08E3.3;rrf-3,Triple mutant,1,-72.22% .. 12.71%,[est.],
706,daf-16;rab-10,Double mutant,1,-58.24% .. 69.41%,[est.],
707,daf-16;raga-1,Double mutant,6,-32.32% ..  -14.43%,,
708,daf-16;raga-1;skn-1,Triple mutant,3,-19.87% ..  -14.98%,,
709,daf-16;ragc-1,Double mutant,4,-16.89% ..  -5.61%,,
710,daf-16;ral-1;rrf-3,Triple mutant,1,-14.44%,,
711,daf-16;rha-2,Double mutant,1,-53.02% .. 90.59%,[est.],
712,daf-16;rheb-1,Double mutant,4,-12.74% ..  -11.24%,,
713,daf-16;rict-1,Double mutant,2,-49.29% ..  -49.14%,,
714,daf-16;ril-1,Double mutant,1,-50.99% .. 98.82%,[est.],
715,daf-16;ril-2,Double mutant,1,-53.6% .. 88.24%,[est.],
716,daf-16;rle-1,Double mutant,3,-17.80% ..  32.98%,,
717,daf-16;rpl-19,Double mutant,1,-59.11% .. 65.88%,[est.],
718,daf-16;rpl-4,Double mutant,1,-58.24% .. 69.41%,[est.],
719,daf-16;rps-15,Double mutant,5,-59.4% .. -240.94%,[est.],
720,daf-16;rps-22,Double mutant,3,-58.82% .. -238.59%,[est.],
721,daf-16;rps-23;rrf-3,Triple mutant,1,46.21%,,
722,daf-16;rrf-3,Double mutant,13,-12.62%,,
723,daf-16;rrf-3;scl-8,Triple mutant,1,4.35%,,
724,daf-16;rrf-3;set-26,Triple mutant,1,-2.98%,,
725,daf-16;rrf-3;spe-26,Triple mutant,1,-18.33%,,
726,daf-16;rrf-3;T05A1.5,Triple mutant,1,-12.79%,,
727,daf-16;rrf-3;T05G5.10,Triple mutant,1,-70.45% .. 19.88%,[est.],
728,daf-16;rrf-3;T06G6.4,Triple mutant,1,-77.99% .. -10.71%,[est.],
729,daf-16;rrf-3;T20H4.5,Triple mutant,1,-71.37% .. 16.12%,[est.],
730,daf-16;rrf-3;T28A8.6,Triple mutant,1,-6.24%,,
731,daf-16;rrf-3;T28D6.4,Triple mutant,1,-9.79%,,
732,daf-16;rrf-3;tes-1,Triple mutant,1,5.54%,,
733,daf-16;rrf-3;tkt-1,Triple mutant,1,6.31%,,
734,daf-16;rrf-3;ttr-5,Triple mutant,1,-23.13%,,
735,daf-16;rrf-3;W03G1.5,Triple mutant,1,8.78%,,
736,daf-16;rrf-3;W05B2.5,Triple mutant,1,-66.39% .. 36.35%,[est.],
737,daf-16;rrf-3;Y119D3_446.d,Triple mutant,1,-21.31%,,
738,daf-16;rrf-3;Y39F10C.1,Triple mutant,1,-78.77% .. -13.88%,[est.],
739,daf-16;rrf-3;Y39H10A_224.b,Triple mutant,1,-69.78% .. 22.59%,[est.],
740,daf-16;rrf-3;Y43H11_160.a,Triple mutant,1,-66.24% .. 36.94%,[est.],
741,daf-16;rrf-3;Y45F10D.8,Triple mutant,1,-10.14%,,
742,daf-16;rrf-3;Y46H3C_13.a,Triple mutant,1,-70.65% .. 19.06%,[est.],
743,daf-16;rrf-3;Y50D4A_25.a,Triple mutant,1,-70.1% .. 21.29%,[est.],
744,daf-16;rrf-3;Y54E5A.7,Triple mutant,1,-74.45% .. 3.65%,[est.],
745,daf-16;rrf-3;Y56A3A.9,Triple mutant,1,-69.63% .. 23.18%,[est.],
746,daf-16;rrf-3;Y66A7A1,Triple mutant,1,-3.63%,,
747,daf-16;rrf-3;Y69A2A_2991.c,Triple mutant,1,3.50%,,
748,daf-16;rrf-3;Y71H2_380.a,Triple mutant,1,-69.75% .. 22.71%,[est.],
749,daf-16;rrf-3;Y71H2_388.câ€ ,Triple mutant,1,55.80%,,
750,daf-16;rrf-3;Y71H2_390.d,Triple mutant,1,-13.18%,,
751,daf-16;rrf-3;Y75B8A.13,Triple mutant,1,-69.81% .. 22.47%,[est.],
752,daf-16;rrf-3;Y75B8A.33,Triple mutant,1,-71.78% .. 14.47%,[est.],
753,daf-16;rrf-3;ZC64.3,Triple mutant,1,-73.49% .. 7.53%,[est.],
754,daf-16;rrf3,Double mutant,2,-23.38% ..  -18.39%,,
755,daf-16;sams-1,Double mutant,1,-52.44% .. 92.94%,[est.],
756,daf-16;sca-1,Double mutant,1,-37.44%,,
757,daf-16;sea-2,Double mutant,1,-30.06%,,
758,daf-16;sgk-1,Double mutant,7,-36.71% ..  7.43%,,
759,daf-16;shc-1,Double mutant,2,-34.42% ..  -22.92%,,
760,daf-16;sinh-1,Double mutant,2,-59.69% .. -242.12%,[est.],
761,daf-16;sir-2.1,Double mutant,7,-43.71% ..  -25.00%,,
762,daf-16;sir-2.1;unc-13,Triple mutant,2,5.68% ..  19.89%,,
763,daf-16;sir-2.1;unc-51,Triple mutant,1,-63.17% .. 49.41%,[est.],
764,daf-16;skn-1,Double mutant,9,-50.64% ..  -7.53%,,
765,daf-16;smk-1,Double mutant,1,-42.08%,,
766,daf-16;sod-1,Double mutant,4,-59.69% .. -242.12%,[est.],
767,daf-16;sod-2,Double mutant,1,-15.00%,,
768,daf-16;T02H6.11,Double mutant,1,22.40%,,
769,daf-16;T06D8.6,Double mutant,1,-14.06%,,
770,daf-16;tax-4,Double mutant,1,-7.98%,,
771,daf-16;tax-6,Double mutant,2,-17.31% ..  19.05%,,
772,daf-16;tcer-1,Double mutant,5,-21.33% ..  2.42%,,
773,daf-16;trpa-1,Double mutant,6,-15.51% ..  -11.40%,,
774,daf-16;ttr-1,Double mutant,2,-60.56% .. -245.65%,[est.],
775,daf-16;tub-1,Double mutant,1,-18.57%,,
776,daf-16;unc-13,Double mutant,2,22.73% ..  35.80%,,
777,daf-16;unc-31,Double mutant,3,-39.20% ..  -13.64%,,
778,daf-16;unc-51,Double mutant,1,-62.59% .. 51.76%,[est.],
779,daf-16;unc-64,Double mutant,1,-9.09%,,
780,daf-16;unc-70,Double mutant,1,-37.93%,,
781,daf-16;utx-1,Double mutant,5,-43.97% ..  -8.79%,,
782,daf-16;vang-1,Double mutant,2,5.14% ..  17.65%,,
783,daf-16;vhl-1,Double mutant,3,-5.56% ..  5.56%,,
784,daf-16;W09C5.8,Double mutant,1,34.90%,,
785,daf-16;wwp-1,Double mutant,2,8.76% ..  16.02%,,
786,daf-18;daf-2,Double mutant,7,-15.79% ..  8.33%,,
787,daf-18;daf-23,Double mutant,1,-16.76% .. 237.65%,[est.],
788,daf-18;rrf-3,Double mutant,1,-71.29% .. 16.47%,[est.],
789,daf-1;hif-1,Double mutant,1,161.44%,,
790,daf-22;mekk-3,Double mutant,2,-5.31% ..  -1.53%,,
791,daf-28;ins-6,Double mutant,1,18.46%,,
792,daf-2;daf-2,Double mutant,6,93.70% ..  200.26%,,
793,daf-2;daf-20,Double mutant,1,163.16%,,
794,daf-2;daf-2;fem-20;fer-15,4-mutant,1,17.75% .. 377.65%,[est.],
795,daf-2;daf-2;fem-23;fer-15,4-mutant,1,-9.51% .. 267.06%,[est.],
796,daf-2;daf-2;fem-3;fer-15,4-mutant,1,-59.69% .. 63.53%,[est.],
797,daf-2;daf-2;mxl-1,Triple mutant,1,250.00%,,
798,daf-2;daf-2;rrf-3,Triple mutant,1,31.67% .. 434.12%,[est.],
799,daf-2;daf-2;skn-1,Triple mutant,2,-21.22% ..  13.10%,,
800,daf-2;daf-3,Double mutant,7,16.40% ..  177.38%,,
801,daf-2;daf-3;mekk-3,Triple mutant,2,290.52% ..  294.08%,,
802,daf-2;daf-9,Double mutant,1,41.13%,,
803,daf-2;dao-3;fem-22;fer-15,4-mutant,1,3.83% .. 321.18%,[est.],
804,daf-2;dct-5,Double mutant,1,-30.97% .. 180.0%,[est.],
805,daf-2;ddl-1,Double mutant,1,-23.14% .. 211.76%,[est.],
806,daf-2;ddl-2,Double mutant,1,-18.5% .. 230.59%,[est.],
807,daf-2;ddl-3,Double mutant,1,-24.3% .. 207.06%,[est.],
808,daf-2;dev-1,Double mutant,1,98.20%,,
809,daf-2;dod-10;fem-23;fer-15,4-mutant,1,-26.04% .. 200.0%,[est.],
810,daf-2;dod-11;dod-14;fem-23;fer-15,5-mutant,1,-25.75% .. 201.18%,[est.],
811,daf-2;dod-11;fem-14;fer-15,4-mutant,1,-34.45% .. 165.88%,[est.],
812,daf-2;dod-11;fem-23;fer-15,4-mutant,1,-18.5% .. 230.59%,[est.],
813,daf-2;dod-12;fem-23;fer-15,4-mutant,1,-24.88% .. 204.71%,[est.],
814,daf-2;dod-13;fem-16;fer-15,4-mutant,1,0.64% .. 308.24%,[est.],
815,daf-2;dod-13;fem-23;fer-15,4-mutant,2,-40.55% .. -164.47%,[est.],
816,daf-2;dod-14;fem-23;fer-15,4-mutant,2,-24.88% .. -100.94%,[est.],
817,daf-2;dod-15;fem-23;fer-15,4-mutant,1,-20.53% .. 222.35%,[est.],
818,daf-2;dod-16;fem-23;fer-15,4-mutant,1,-11.25% .. 260.0%,[est.],
819,daf-2;dod-16;fem-9;fer-15,4-mutant,1,-12.99% .. 252.94%,[est.],
820,daf-2;dod-1;fem-23;fer-15,4-mutant,1,-42.58% .. 132.94%,[est.],
821,daf-2;dod-1;fem-5;fer-15,4-mutant,1,-55.34% .. 81.18%,[est.],
822,daf-2;dod-2;fem-23;fer-15,4-mutant,1,-22.56% .. 214.12%,[est.],
823,daf-2;dod-2;fem-4;fer-15,4-mutant,1,-46.64% .. 116.47%,[est.],
824,daf-2;dod-2;rrf-3,Triple mutant,1,3.25% .. 318.82%,[est.],
825,daf-2;dod-3;fem-13;fer-15,4-mutant,1,-42.58% .. 132.94%,[est.],
826,daf-2;dod-3;fem-23;fer-15,4-mutant,1,-16.76% .. 237.65%,[est.],
827,daf-2;dod-4;fem-23;fer-15,4-mutant,1,-35.32% .. 162.35%,[est.],
828,daf-2;dod-5;fem-7;fer-15,4-mutant,1,-46.06% .. 118.82%,[est.],
829,daf-2;dod-6;fem-23;fer-15,4-mutant,3,-35.03% .. -142.12%,[est.],
830,daf-2;dod-7;fem-23;fer-15,4-mutant,1,-28.65% .. 189.41%,[est.],
831,daf-2;dod-8;fem-23;fer-15,4-mutant,1,-26.91% .. 196.47%,[est.],
832,daf-2;dod-9;fem-23;fer-15,4-mutant,1,-26.91% .. 196.47%,[est.],
833,daf-2;dox-1,Double mutant,6,18.01% ..  74.59%,,
834,daf-2;dpy-20,Double mutant,1,121.43%,,
835,daf-2;drp-1,Double mutant,2,165.59% ..  226.53%,,
836,daf-2;drr-1,Double mutant,1,-10.67% .. 262.35%,[est.],
837,daf-2;drr-2,Double mutant,2,19.2% .. 77.88%,[est.],
838,daf-2;dve-1;rsks-1,Triple mutant,3,-9.31% ..  14.21%,,
839,daf-2;eak-3,Double mutant,1,300.39%,,
840,daf-2;eat-2,Double mutant,2,89.95% ..  132.51%,,
841,daf-2;egl-27,Double mutant,4,58.71%,,
842,daf-2;egr-1,Double mutant,3,24.84% ..  60.54%,,
843,daf-2;elo-5,Double mutant,1,84.35%,,
844,daf-2;elt-1,Double mutant,3,76.03% ..  130.83%,,
845,daf-2;elt-2,Double mutant,3,2.74% ..  51.13%,,
846,daf-2;elt-3,Double mutant,6,0.68% ..  91.65%,,
847,daf-2;elt-5,Double mutant,3,-60.90% ..  -5.48%,,
848,daf-2;elt-6,Double mutant,3,47.26% ..  130.83%,,
849,daf-2;end-1,Double mutant,2,6.16% ..  103.01%,,
850,daf-2;end-3,Double mutant,2,58.22% ..  130.08%,,
851,daf-2;ets-4,Double mutant,1,118.05%,,
852,daf-2;F14B4.3,Double mutant,1,118.72%,,
853,daf-2;F26E4.4,Double mutant,1,111.82%,,
854,daf-2;F28D1.9,Double mutant,1,-18.37%,,
855,daf-2;F29G6.1,Double mutant,1,-23.72% .. 209.41%,[est.],
856,daf-2;F30A10.10,Double mutant,1,25.17%,,
857,daf-2;F30A10.6,Double mutant,1,53.74%,,
858,daf-2;F33H2.8,Double mutant,1,-40.82%,,
859,daf-2;F37C4.4,Double mutant,1,70.07%,,
860,daf-2;F40F12.7,Double mutant,1,35.37%,,
861,daf-2;F43D2.1,Double mutant,1,64.63%,,
862,daf-2;F52C6.2,Double mutant,1,42.86%,,
863,daf-2;F55B12.4,Double mutant,1,48.30%,,
864,daf-2;F55G11.2,Double mutant,1,-35.9% .. 160.0%,[est.],
865,daf-2;F59A3.3,Double mutant,1,113.30%,,
866,daf-2;F59C6.4,Double mutant,1,124.14%,,
867,daf-2;F59C6.5,Double mutant,1,148.28%,,
868,daf-2;faah-1,Double mutant,7,-27.49% .. -111.53%,[est.],
869,daf-2;fasn-1,Double mutant,1,49.26%,,
870,daf-2;fat-7;fem-12;fer-15,4-mutant,1,-41.71% .. 136.47%,[est.],
871,daf-2;fat-7;fem-23;fer-15,4-mutant,1,-26.33% .. 198.82%,[est.],
872,daf-2;fat-7;rrf-3,Triple mutant,1,8.47% .. 340.0%,[est.],
873,daf-2;fbp-1,Double mutant,2,41.82% .. 169.65%,[est.],
874,daf-2;fem-10;fer-15,Triple mutant,1,-26.91% .. 196.47%,[est.],
875,daf-2;fem-10;fer-15;mtl-1,4-mutant,1,-44.61% .. 124.71%,[est.],
876,daf-2;fem-11;fer-15,Triple mutant,1,-26.91% .. 196.47%,[est.],
877,daf-2;fem-11;fer-15;gei-7,4-mutant,1,-43.74% .. 128.24%,[est.],
878,daf-2;fem-12;fer-15,Triple mutant,1,-26.91% .. 196.47%,[est.],
879,daf-2;fem-13;fer-15,Triple mutant,1,-26.91% .. 196.47%,[est.],
880,daf-2;fem-14;fer-15,Triple mutant,1,-26.91% .. 196.47%,[est.],
881,daf-2;fem-15;fer-15,Triple mutant,1,11.08% .. 350.59%,[est.],
882,daf-2;fem-16;fer-15,Triple mutant,1,11.08% .. 350.59%,[est.],
883,daf-2;fem-17;fer-15,Triple mutant,1,11.08% .. 350.59%,[est.],
884,daf-2;fem-18;fer-15,Triple mutant,1,11.08% .. 350.59%,[est.],
885,daf-2;fem-18;fer-15;ins-18,4-mutant,1,4.41% .. 323.53%,[est.],
886,daf-2;fem-19;fer-15,Triple mutant,1,11.08% .. 350.59%,[est.],
887,daf-2;fem-1;fer-15,Triple mutant,13,57.36% ..  74.87%,,
888,daf-2;fem-1;fer-15;ire-1,4-mutant,3,-44.32% .. -179.76%,[est.],
889,daf-2;fem-1;fer-15;lys-7,4-mutant,1,-46.93% .. 115.29%,[est.],
890,daf-2;fem-1;fer-15;vps-34,4-mutant,4,-33.87% .. -137.41%,[est.],
891,daf-2;fem-1;fer-15;xbp-1,4-mutant,2,-48.09% .. -195.06%,[est.],
892,daf-2;fem-20;fer-15,Triple mutant,1,11.08% .. 350.59%,[est.],
893,daf-2;fem-21;fer-15,Triple mutant,1,11.08% .. 350.59%,[est.],
894,daf-2;fem-21;fer-15;sod-3,4-mutant,1,2.96% .. 317.65%,[est.],
895,daf-2;fem-22;fer-15,Triple mutant,1,11.08% .. 350.59%,[est.],
896,daf-2;fem-23;fer-15,Triple mutant,3,-17.92% .. -72.71%,[est.],
897,daf-2;fem-23;fer-15;gcp-1,4-mutant,1,-25.75% .. 201.18%,[est.],
898,daf-2;fem-23;fer-15;ges-1,4-mutant,1,-25.17% .. 203.53%,[est.],
899,daf-2;fem-23;fer-15;gpd-2,4-mutant,1,-22.56% .. 214.12%,[est.],
900,daf-2;fem-23;fer-15;hsp-12.6,4-mutant,1,-25.46% .. 202.35%,[est.],
901,daf-2;fem-23;fer-15;hsp-16,4-mutant,1,-24.59% .. 205.88%,[est.],
902,daf-2;fem-23;fer-15;hsp-16.11,4-mutant,1,-33.29% .. 170.59%,[est.],
903,daf-2;fem-23;fer-15;hsp-16.2,4-mutant,1,-25.75% .. 201.18%,[est.],
904,daf-2;fem-23;fer-15;hsp-16.49,4-mutant,1,-34.45% .. 165.88%,[est.],
905,daf-2;fem-23;fer-15;ins-18,4-mutant,2,-26.62% .. -108.0%,[est.],
906,daf-2;fem-23;fer-15;ins-21,4-mutant,1,-24.88% .. 204.71%,[est.],
907,daf-2;fem-23;fer-15;ins-7,4-mutant,1,-28.94% .. 188.24%,[est.],
908,daf-2;fem-23;fer-15;lys-7,4-mutant,2,-34.45% .. -139.76%,[est.],
909,daf-2;fem-23;fer-15;mdl-1,4-mutant,1,-25.17% .. 203.53%,[est.],
910,daf-2;fem-23;fer-15;mtl-1,4-mutant,1,-25.46% .. 202.35%,[est.],
911,daf-2;fem-23;fer-15;sip-1,4-mutant,1,-26.33% .. 198.82%,[est.],
912,daf-2;fem-23;fer-15;sod-3,4-mutant,1,-20.82% .. 221.18%,[est.],
913,daf-2;fem-23;fer-15;spp-1,4-mutant,1,-30.68% .. 181.18%,[est.],
914,daf-2;fem-2;fer-15,Triple mutant,1,-26.91% .. 196.47%,[est.],
915,daf-2;fem-3;fer-15,Triple mutant,1,-26.91% .. 196.47%,[est.],
916,daf-2;fem-4;fer-15,Triple mutant,1,-26.91% .. 196.47%,[est.],
917,daf-2;fem-5;fer-15,Triple mutant,1,-26.91% .. 196.47%,[est.],
918,daf-2;fem-6;fer-15,Triple mutant,1,-26.91% .. 196.47%,[est.],
919,daf-2;fem-7;fer-15,Triple mutant,1,-26.91% .. 196.47%,[est.],
920,daf-2;fem-8;fer-15,Triple mutant,1,-26.91% .. 196.47%,[est.],
921,daf-2;fem-8;fer-15;hsp-12.6,4-mutant,1,-44.61% .. 124.71%,[est.],
922,daf-2;fem-9;fer-15,Triple mutant,1,-26.91% .. 196.47%,[est.],
923,daf-2;fer-15,Double mutant,1,-7.77% .. 274.12%,[est.],
924,daf-2;fer-15;shc-1,Triple mutant,1,-21.11% .. 220.0%,[est.],
925,daf-2;flr-4,Double mutant,1,238.42%,,
926,daf-2;ftt-1,Double mutant,4,-36.84% ..  34.39%,,
927,daf-2;ftt-2,Double mutant,9,-55.79% ..  208.16%,,
928,daf-2;gcp-1;rrf-3,Triple mutant,1,6.15% .. 330.59%,[est.],
929,daf-2;gcy-35;npr-1,Triple mutant,3,62.14% ..  147.58%,,
930,daf-2;gdi-1,Double mutant,1,58.50%,,
931,daf-2;gld-1,Double mutant,2,118.33% ..  125.82%,,
932,daf-2;gld-1;rsks-1,Triple mutant,2,175.56% ..  186.26%,,
933,daf-2;glf-1,Double mutant,1,-31.97%,,
934,daf-2;glp-1,Double mutant,3,191.41% ..  193.85%,,
935,daf-2;glp-1;rsks-1,Triple mutant,2,213.28% ..  234.62%,,
936,daf-2;glp-4,Double mutant,1,135.46%,,
937,daf-2;gpa-1,Double mutant,1,110.56%,,
938,daf-2;gpa-11,Double mutant,2,88.33% ..  162.78%,,
939,daf-2;gpa-11;odr-3,Triple mutant,2,147.22% ..  170.00%,,
940,daf-2;gpd-2,Double mutant,2,36.31% .. 147.29%,[est.],
941,daf-2;gpdh-1;gpdh-2,Triple mutant,1,140.65%,,
942,daf-2;gpi-1,Double mutant,1,0.06% .. 305.88%,[est.],
943,daf-2;gro-1,Double mutant,1,117.40%,,
944,daf-2;H27M09.1,Double mutant,1,78.23%,,
945,daf-2;hcf-1,Double mutant,3,108.28% ..  174.83%,,
946,daf-2;hif-1,Double mutant,2,70.00% ..  157.35%,,
947,daf-2;his-71,Double mutant,1,83.67%,,
948,daf-2;hpk-1,Double mutant,1,55.10%,,
949,daf-2;hsf-1,Double mutant,6,-61.93% ..  45.91%,,
950,daf-2;hsf-1;rsks-1,Triple mutant,5,-49.24% ..  -32.80%,,
951,daf-2;ifg-1,Double mutant,4,120.69%,,
952,daf-2;ifta-2,Double mutant,1,47.81%,,
953,daf-2;iftb-1,Double mutant,3,-21.4% .. -86.82%,[est.],
954,daf-2;ins-18,Double mutant,2,75.00% ..  216.00%,,
955,daf-2;ire-1,Double mutant,15,-6.44% ..  82.80%,,
956,daf-2;ire-1;xbp-1,Triple mutant,2,-38.81% .. -157.41%,[est.],
957,daf-2;isp-1,Double mutant,3,102.46% ..  115.82%,,
958,daf-2;isw-1,Double mutant,3,60.81% ..  108.12%,,
959,daf-2;jnk-1,Double mutant,1,202.84%,,
960,daf-2;K01C8.6,Double mutant,1,129.56%,,
961,daf-2;K04C2.5,Double mutant,1,-17.34% .. 235.29%,[est.],
962,daf-2;K10H10.4,Double mutant,1,-33.58% .. 169.41%,[est.],
963,daf-2;K11B4.1,Double mutant,1,115.76%,,
964,daf-2;K11D12.9,Double mutant,1,85.03%,,
965,daf-2;kri-1,Double mutant,3,-12.12% .. -49.18%,[est.],
966,daf-2;kri-1;rrf-3,Triple mutant,2,-27.2% .. -110.35%,[est.],
967,daf-2;kri-1;rsks-1,Triple mutant,2,16.3% .. 66.12%,[est.],
968,daf-2;let-363,Double mutant,3,-13.57% .. -55.06%,[est.],
969,daf-2;let-60,Double mutant,6,-21.59% ..  55.68%,,
970,daf-2;let-653,Double mutant,1,74.83%,,
971,daf-2;let-711,Double mutant,1,70.94%,,
972,daf-2;lgg-1,Double mutant,2,78.97% ..  79.45%,,
973,daf-2;lgg-2,Double mutant,2,91.59% ..  96.80%,,
974,daf-2;lgg-3,Double mutant,2,82.65% ..  117.76%,,
975,daf-2;lin-14,Double mutant,2,43.98% ..  158.43%,,
976,daf-2;lin-23,Double mutant,29,-17.18% ..  17.39%,,
977,daf-2;lin-4,Double mutant,1,-13.75%,,
978,daf-2;lipl-4,Double mutant,1,54.82%,,
979,daf-2;lmn-1,Double mutant,1,56.46%,,
980,daf-2;lsm-4,Double mutant,1,95.92%,,
981,daf-2;lsm-7,Double mutant,1,88.44%,,
982,daf-2;M03F4.7,Double mutant,1,104.08%,,
983,daf-2;M05B5.2,Double mutant,1,38.78%,,
984,daf-2;M57.2,Double mutant,1,55.78%,,
985,daf-2;mag-1,Double mutant,1,68.71%,,
986,daf-2;maoc-1,Double mutant,1,-15.31% .. 243.53%,[est.],
987,daf-2;mcm-2,Double mutant,1,72.11%,,
988,daf-2;mdh-1,Double mutant,1,118.37%,,
989,daf-2;mdt-15,Double mutant,1,47.78%,,
990,daf-2;med-1,Double mutant,3,52.05% ..  163.16%,,
991,daf-2;mekk-3,Double mutant,6,108.59% ..  267.93%,,
992,daf-2;mep-1,Double mutant,1,57.82%,,
993,daf-2;mes-4,Double mutant,3,59.49% ..  119.47%,,
994,daf-2;mml-1,Double mutant,1,83.78%,,
995,daf-2;mpk-1,Double mutant,1,17.92% .. 378.35%,[est.],
996,daf-2;mxl-1,Double mutant,1,225.00%,,
997,daf-2;mxl-2,Double mutant,3,40.00% ..  86.49%,,
998,daf-2;nhl-1,Double mutant,1,105.76%,,
999,daf-2;nhr-49,Double mutant,8,-5.78% ..  150.89%,,
1000,daf-2;nhr-8,Double mutant,1,27.65%,,
1001,daf-2;nhr-80,Double mutant,2,13.11% .. 53.18%,[est.],
1002,daf-2;nit-1,Double mutant,1,-37.35% .. 154.12%,[est.],
1003,daf-2;nmur-1,Double mutant,2,106.78% ..  216.38%,,
1004,daf-2;npa-1,Double mutant,1,35.73% .. 450.59%,[est.],
1005,daf-2;npp-2,Double mutant,1,58.50%,,
1006,daf-2;npp-3,Double mutant,1,65.99%,,
1007,daf-2;npr-1,Double mutant,3,88.99% ..  150.63%,,
1008,daf-2;nsh-1,Double mutant,1,58.50%,,
1009,daf-2;nspb-7,Double mutant,1,-14.44% .. 247.06%,[est.],
1010,daf-2;ntl-3,Double mutant,1,43.54%,,
1011,daf-2;nuo-2,Double mutant,1,40.66% .. 470.59%,[est.],
1012,daf-2;nuo-3,Double mutant,1,89.1% .. 667.06%,[est.],
1013,daf-2;nuo-4,Double mutant,1,103.31% .. 724.71%,[est.],
1014,daf-2;nuo-5,Double mutant,1,68.79% .. 584.71%,[est.],
1015,daf-2;nuo-6,Double mutant,2,155.68% ..  164.32%,,
1016,daf-2;odr-3,Double mutant,1,175.56%,,
1017,daf-2;oga-1,Double mutant,1,35.85%,,
1018,daf-2;ogt-1,Double mutant,1,-16.98%,,
1019,daf-2;osm-3,Double mutant,1,112.77%,,
1020,daf-2;par-4,Double mutant,1,27.32%,,
1021,daf-2;par-5,Double mutant,3,90.00% ..  232.43%,,
1022,daf-2;pas-1,Double mutant,1,63.29%,,
1023,daf-2;pas-5,Double mutant,1,-24.15%,,
1024,daf-2;pas-6,Double mutant,1,-34.78%,,
1025,daf-2;pas-7,Double mutant,1,64.25%,,
1026,daf-2;pat-4,Double mutant,1,39.5% .. 465.88%,[est.],
1027,daf-2;pat-6,Double mutant,1,45.88% .. 491.76%,[est.],
1028,daf-2;pbs-2,Double mutant,1,-37.20%,,
1029,daf-2;pbs-3,Double mutant,1,-42.51%,,
1030,daf-2;pbs-4,Double mutant,1,-41.06%,,
1031,daf-2;pbs-5,Double mutant,1,-39.61%,,
1032,daf-2;pbs-6,Double mutant,1,-18.36%,,
1033,daf-2;pbs-7,Double mutant,1,-40.10%,,
1034,daf-2;pek-1,Double mutant,7,38.24% ..  176.37%,,
1035,daf-2;pep-2,Double mutant,2,134.56% ..  248.18%,,
1036,daf-2;pgl-1,Double mutant,3,56.92% ..  120.46%,,
1037,daf-2;pgl-2,Double mutant,3,53.60% ..  126.84%,,
1038,daf-2;pgl-3,Double mutant,3,58.08% ..  140.43%,,
1039,daf-2;pgp-7,Double mutant,1,-24.88% .. 204.71%,[est.],
1040,daf-2;pha-4,Double mutant,3,43.26% ..  119.59%,,
1041,daf-2;pie-1,Double mutant,3,50.12% ..  112.68%,,
1042,daf-2;pmk-1,Double mutant,1,28.22%,,
1043,daf-2;pmq-1,Double mutant,2,39.76% ..  125.40%,,
1044,daf-2;pnk-1,Double mutant,1,54.42%,,
1045,daf-2;pptr-1,Double mutant,2,25.21% ..  28.69%,,
1046,daf-2;pqm-1,Double mutant,2,44.91% ..  44.91%,,
1047,daf-2;prmt-1,Double mutant,4,141.06% ..  142.24%,,
1048,daf-2;prmt-1;prmt-1,Triple mutant,4,-38.52% .. -156.24%,[est.],
1049,daf-2;R11A5.4,Double mutant,2,42.69% .. 173.18%,[est.],
1050,daf-2;R12B2.6,Double mutant,1,99.32%,,
1051,daf-2;R53.4,Double mutant,1,162.56%,,
1052,daf-2;rab-10,Double mutant,1,13.98% .. 362.35%,[est.],
1053,daf-2;rab-7,Double mutant,1,34.01%,,
1054,daf-2;raga-1,Double mutant,5,-25.75% .. -104.47%,[est.],
1055,daf-2;rff-3,Double mutant,6,-23.72% .. -96.24%,[est.],
1056,daf-2;rha-2,Double mutant,1,46.75% .. 495.29%,[est.],
1057,daf-2;ril-1,Double mutant,1,58.64% .. 543.53%,[est.],
1058,daf-2;ril-2,Double mutant,1,68.21% .. 582.35%,[est.],
1059,daf-2;rpn-1,Double mutant,1,-27.54%,,
1060,daf-2;rpn-10,Double mutant,1,57.49%,,
1061,daf-2;rpn-11,Double mutant,1,-24.64%,,
1062,daf-2;rpn-12,Double mutant,1,77.29%,,
1063,daf-2;rpn-2,Double mutant,1,-26.09%,,
1064,daf-2;rpn-3,Double mutant,1,-21.26%,,
1065,daf-2;rpn-5,Double mutant,1,70.53%,,
1066,daf-2;rpn-6,Double mutant,1,-35.27%,,
1067,daf-2;rpn-7,Double mutant,1,-31.40%,,
1068,daf-2;rpn-8,Double mutant,1,-23.67%,,
1069,daf-2;rpn-9,Double mutant,1,55.56%,,
1070,daf-2;rps-15,Double mutant,3,-8.35% .. -33.88%,[est.],
1071,daf-2;rps-22,Double mutant,3,-5.74% .. -23.29%,[est.],
1072,daf-2;rpt-1,Double mutant,1,-27.54%,,
1073,daf-2;rpt-2,Double mutant,1,60.39%,,
1074,daf-2;rpt-3,Double mutant,1,-22.71%,,
1075,daf-2;rpt-4,Double mutant,1,-24.64%,,
1076,daf-2;rpt-5,Double mutant,1,-27.05%,,
1077,daf-2;rpt-6,Double mutant,1,-23.67%,,
1078,daf-2;rrf-3,Double mutant,11,88.94%,,
1079,daf-2;rrf-3;skn-1,Triple mutant,1,26.37%,,
1080,daf-2;rrf-3;sod-3,Triple mutant,1,-4.87% .. 285.88%,[est.],
1081,daf-2;rrf-3;T20G5.8,Triple mutant,1,11.37% .. 351.76%,[est.],
1082,daf-2;rsks-1,Double mutant,32,103.13% ..  454.40%,,
1083,daf-2;rsks-1;tax-6,Triple mutant,2,141.21% ..  188.70%,,
1084,daf-2;rsks-1;ubl-5,Triple mutant,3,64.97% ..  82.83%,,
1085,daf-2;sams-1,Double mutant,1,71.69% .. 596.47%,[est.],
1086,daf-2;sca-1,Double mutant,1,96.06%,,
1087,daf-2;scl-1,Double mutant,1,34.75%,,
1088,daf-2;sdc-2,Double mutant,1,119.73%,,
1089,daf-2;sea-2,Double mutant,1,112.14%,,
1090,daf-2;sem-5,Double mutant,2,46.02% ..  55.68%,,
1091,daf-2;sgk-1,Double mutant,1,144.90%,,
1092,daf-2;shc-1,Double mutant,1,41.26%,,
1093,daf-2;sinh-1,Double mutant,1,-24.01% .. 208.24%,[est.],
1094,daf-2;sir-2.1,Double mutant,2,171.35%,,
1095,daf-2;skn-1,Double mutant,30,-38.01% ..  88.85%,,
1096,daf-2;skr-1,Double mutant,7,-36.19% .. -146.82%,[est.],
1097,daf-2;skr-11,Double mutant,2,-26.62% .. -108.0%,[est.],
1098,daf-2;skr-13,Double mutant,2,-24.3% .. -98.59%,[est.],
1099,daf-2;skr-15,Double mutant,1,-13.86% .. 249.41%,[est.],
1100,daf-2;skr-19,Double mutant,2,-21.4% .. -86.82%,[est.],
1101,daf-2;skr-2,Double mutant,7,-53.6% .. -217.41%,[est.],
1102,daf-2;skr-20,Double mutant,2,-23.72% .. -96.24%,[est.],
1103,daf-2;skr-3,Double mutant,2,-18.21% .. -73.88%,[est.],
1104,daf-2;skr-5,Double mutant,1,-16.47% .. 238.82%,[est.],
1105,daf-2;skr-7,Double mutant,2,-23.72% .. -96.24%,[est.],
1106,daf-2;skr-8,Double mutant,2,-19.66% .. -79.76%,[est.],
1107,daf-2;smk-1,Double mutant,2,44.90% ..  45.36%,,
1108,daf-2;smn-1,Double mutant,1,54.42%,,
1109,daf-2;sod-1;sod-2;sod-3;sod-4;sod-5,6-mutant,1,154.02%,,
1110,daf-2;sod-2,Double mutant,2,80.62% ..  258.76%,,
1111,daf-2;sod-2;sod-3,Triple mutant,1,148.02%,,
1112,daf-2;sod-3,Double mutant,1,152.42%,,
1113,daf-2;sod-4,Double mutant,1,180.62%,,
1114,daf-2;sos-1,Double mutant,2,68.18% ..  69.32%,,
1115,daf-2;spl-1,Double mutant,1,-5.44%,,
1116,daf-2;T14G10.1,Double mutant,1,79.59%,,
1117,daf-2;T19B10.2,Double mutant,1,-27.89%,,
1118,daf-2;T22B11.2,Double mutant,1,95.92%,,
1119,daf-2;T27F7.1,Double mutant,1,44.22%,,
1120,daf-2;tag-249,Double mutant,1,-51.02%,,
1121,daf-2;tag-318,Double mutant,1,88.44%,,
1122,daf-2;tag-332,Double mutant,1,90.48%,,
1123,daf-2;tcer-1,Double mutant,10,87.43%,,
1124,daf-2;tlf-1,Double mutant,1,31.29%,,
1125,daf-2;top-1,Double mutant,1,51.02%,,
1126,daf-2;trpa-1,Double mutant,2,74.11% ..  117.21%,,
1127,daf-2;ttr-1,Double mutant,1,27.9% .. 418.82%,[est.],
1128,daf-2;tub-1,Double mutant,1,126.43%,,
1129,daf-2;ubc-18,Double mutant,2,75.27% ..  86.63%,,
1130,daf-2;ufd-1,Double mutant,1,-15.65%,,
1131,daf-2;ugt-9,Double mutant,2,101.29% ..  139.29%,,
1132,daf-2;ulp-1,Double mutant,1,100.68%,,
1133,daf-2;unc-31,Double mutant,1,95.83%,,
1134,daf-2;unc-51,Double mutant,2,79.91% ..  92.69%,,
1135,daf-2;unc-64,Double mutant,1,145.83%,,
1136,daf-2;unc-70,Double mutant,1,134.48%,,
1137,daf-2;utx-1,Double mutant,4,71.43% ..  205.01%,,
1138,daf-2;vang-1,Double mutant,1,150.98%,,
1139,daf-2;vhl-1,Double mutant,2,50.00% ..  157.14%,,
1140,daf-2;vps-16,Double mutant,1,61.90%,,
1141,daf-2;vrk-1,Double mutant,1,19.05%,,
1142,daf-2;W01B11.3,Double mutant,1,151.72%,,
1143,daf-2;W04G3.2,Double mutant,1,-27.21%,,
1144,daf-2;W06E11.4,Double mutant,1,100.00%,,
1145,daf-2;wip-1,Double mutant,1,72.11%,,
1146,daf-2;wwp-1,Double mutant,2,97.28%,,
1147,daf-2;Y39C12A.2,Double mutant,1,-16.33%,,
1148,daf-2;Y39G10AL.3,Double mutant,1,95.92%,,
1149,daf-2;Y39G10AR.8,Double mutant,1,135.47%,,
1150,daf-2;Y42G9A.4,Double mutant,1,74.15%,,
1151,daf-2;Y47G6A.10,Double mutant,1,139.41%,,
1152,daf-2;Y47G6A.18,Double mutant,1,85.71%,,
1153,daf-2;Y48G1A.4,Double mutant,1,132.51%,,
1154,daf-2;Y54G2A.31,Double mutant,1,92.52%,,
1155,daf-2;Y55F3AM.3,Double mutant,1,89.12%,,
1156,daf-2;Y57A10A.19,Double mutant,1,59.18%,,
1157,daf-2;Y57G11C.13,Double mutant,1,55.78%,,
1158,daf-2;Y59A8B.2,Double mutant,1,-2.04%,,
1159,daf-2;Y61A9LA.5,Double mutant,1,-8.16%,,
1160,daf-2;Y65B4A.3,Double mutant,1,-23.13%,,
1161,daf-2;Y77E11A.7,Double mutant,1,55.10%,,
1162,daf-2;ZC250.3,Double mutant,1,52.38%,,
1163,daf-2;ZK973.10,Double mutant,1,119.21%,,
1164,daf-3;daf-7,Double mutant,6,-40.73% ..  0.65%,,
1165,daf-3;daf-9,Double mutant,1,79.43%,,
1166,daf-3;mekk-3,Double mutant,2,37.97% ..  52.05%,,
1167,daf-5;mekk-3,Double mutant,2,42.18% ..  43.44%,,
1168,daf-7;nhr-8,Double mutant,1,-2.41%,,
1169,daf-9;eat-2,Double mutant,4,-7.32% ..  -5.61%,,
1170,daf-9;eat-2;let-363,Triple mutant,1,-46.95% .. 115.18%,[est.],
1171,daf-9;glp-1,Double mutant,3,-71.0% .. -288.0%,[est.],
1172,daf-9;glp-1;nhr-80,Triple mutant,3,-62.3% .. -252.71%,[est.],
1173,daf-9;pkc-2,Double mutant,1,-35.12% .. 163.18%,[est.],
1174,daf-9;trpa-1,Double mutant,1,-35.12% .. 163.18%,[est.],
1175,ddl-1;ddl-2,Double mutant,1,42.86%,,
1176,ddl-1;fem-1;fer-15,Triple mutant,1,-41.42% .. 137.65%,[est.],
1177,ddl-1;glp-1,Double mutant,2,-43.74% .. -177.41%,[est.],
1178,ddl-1;hsb-1,Double mutant,2,47.89% ..  60.44%,,
1179,ddl-1;hsf-1,Double mutant,1,-20.00%,,
1180,ddl-2;fem-1;fer-15,Triple mutant,2,-44.9% .. -182.12%,[est.],
1181,ddl-2;glp-1,Double mutant,2,-49.54% .. -200.94%,[est.],
1182,ddl-2;hsb-1,Double mutant,2,49.74% ..  63.16%,,
1183,ddl-2;hsf-1,Double mutant,2,-23.84% ..  -14.44%,,
1184,ddl-3;fem-1;fer-15,Triple mutant,1,-42.29% .. 134.12%,[est.],
1185,ddl-3;glp-1,Double mutant,2,-42.0% .. -170.35%,[est.],
1186,ddr-2;let-363,Double mutant,1,-12.49%,,
1187,ddr-2;pha-4,Double mutant,2,7.22% ..  36.75%,,
1188,ddr-2;rab-10,Double mutant,4,-6.04% ..  13.22%,,
1189,ddr-2;rsks-1,Double mutant,2,26.66% ..  35.51%,,
1190,ddr-2;sams-1,Double mutant,5,-4.06% ..  18.21%,,
1191,dev-1;rrf3,Double mutant,1,-18.25%,,
1192,dod-10;fem-1;fer-15,Triple mutant,1,-59.69% .. 63.53%,[est.],
1193,dod-11;fem-1;fer-15,Triple mutant,1,-63.46% .. 48.24%,[est.],
1194,dod-12;fem-1;fer-15,Triple mutant,2,-62.3% .. -252.71%,[est.],
1195,dod-13;fem-1;fer-15,Triple mutant,1,-64.91% .. 42.35%,[est.],
1196,dod-16;fem-1;fer-15,Triple mutant,1,-58.24% .. 69.41%,[est.],
1197,dod-17;fem-1;fer-15,Triple mutant,1,-58.53% .. 68.24%,[est.],
1198,dod-17;rrf-3,Double mutant,1,-41.71% .. 136.47%,[est.],
1199,dod-18;fem-1;fer-15,Triple mutant,2,-50.99% .. -206.82%,[est.],
1200,dod-18;rrf-3,Double mutant,2,-44.9% .. -182.12%,[est.],
1201,dod-19;rrf-3,Double mutant,1,-44.32% .. 125.88%,[est.],
1202,dod-1;fem-1;fer-15,Triple mutant,2,-68.68% .. -278.59%,[est.],
1203,dod-20;fem-1;fer-15,Triple mutant,1,-63.75% .. 47.06%,[est.],
1204,dod-20;rrf-3,Double mutant,1,-46.35% .. 117.65%,[est.],
1205,dod-21;fem-1;fer-15,Triple mutant,1,-62.59% .. 51.76%,[est.],
1206,dod-21;rrf-3,Double mutant,1,-46.93% .. 115.29%,[est.],
1207,dod-22;fem-1;fer-15,Triple mutant,1,-64.91% .. 42.35%,[est.],
1208,dod-22;rrf-3,Double mutant,1,-48.67% .. 108.24%,[est.],
1209,dod-23;rrf-3,Double mutant,2,-53.02% .. -215.06%,[est.],
1210,dod-24;fem-1;fer-15,Triple mutant,2,-64.91% .. -263.29%,[est.],
1211,dod-24;rrf-3,Double mutant,2,-45.77% .. -185.65%,[est.],
1212,dod-2;fem-1;fer-15,Triple mutant,1,-64.33% .. 44.71%,[est.],
1213,dod-3;fem-1;fer-15,Triple mutant,1,-59.11% .. 65.88%,[est.],
1214,dod-4;fem-1;fer-15,Triple mutant,1,-58.24% .. 69.41%,[est.],
1215,dod-6;fem-1;fer-15,Triple mutant,1,-54.47% .. 84.71%,[est.],
1216,dod-7;fem-1;fer-15,Triple mutant,1,-56.79% .. 75.29%,[est.],
1217,dod-9;fem-1;fer-15,Triple mutant,1,-61.43% .. 56.47%,[est.],
1218,dpr-1;isp-1,Double mutant,1,-14.36% .. 247.41%,[est.],
1219,dpy-5;ife-2;let-363;unc-13,4-mutant,1,17.03%,,
1220,dpy-5;let-363;unc-13,Triple mutant,1,-1.10%,,
1221,drl-1;flr-4,Double mutant,1,57.45%,,
1222,drr-1;eat-2,Double mutant,2,-16.47% .. -66.82%,[est.],
1223,drr-1;fem-1;fer-15,Triple mutant,1,-37.35% .. 154.12%,[est.],
1224,drr-2;eat-2,Double mutant,3,-35.61% .. -144.47%,[est.],
1225,drr-2;fem-1;fer-15,Triple mutant,2,-34.16% .. -138.59%,[est.],
1226,eak-3;eak-7,Double mutant,2,8.20% ..  42.48%,,
1227,eak-6;eak-7,Double mutant,2,36.97% ..  47.06%,,
1228,eak-7;glp-1,Double mutant,2,120.77% ..  214.56%,,
1229,eak-7;hsf-1,Double mutant,1,-24.49%,,
1230,eak-7;rle-1,Double mutant,2,-12.08% ..  2.72%,,
1231,eak-7;sdf-9,Double mutant,2,16.67% ..  44.52%,,
1232,eak-7;sgk-1,Double mutant,2,-27.89% ..  -14.00%,,
1233,eak-7;smk-1,Double mutant,1,9.85%,,
1234,eat-2;egl-9,Double mutant,1,2.74%,,
1235,eat-2;elt-3,Double mutant,1,-4.07%,,
1236,eat-2;emb-8,Double mutant,2,40.03% ..  49.28%,,
1237,eat-2;F14B4.3,Double mutant,1,43.35%,,
1238,eat-2;F22D6.3,Double mutant,1,43.84%,,
1239,eat-2;F26E4.4,Double mutant,1,34.98%,,
1240,eat-2;F59A3.3,Double mutant,1,44.83%,,
1241,eat-2;F59C6.4,Double mutant,1,43.84%,,
1242,eat-2;F59C6.5,Double mutant,1,38.92%,,
1243,eat-2;fasn-1,Double mutant,1,-6.40%,,
1244,eat-2;flr-4;rrf-3,Triple mutant,1,-24.04% .. 208.12%,[est.],
1245,eat-2;ife-2,Double mutant,1,49.45%,,
1246,eat-2;ifg-1,Double mutant,4,72.41%,,
1247,eat-2;iftb-1,Double mutant,2,-22.27% .. -90.35%,[est.],
1248,eat-2;ire-1,Double mutant,4,-14.02% ..  15.59%,,
1249,eat-2;isp-1,Double mutant,1,120.67%,,
1250,eat-2;K01C8.6,Double mutant,1,42.36%,,
1251,eat-2;K11B4.1,Double mutant,1,44.83%,,
1252,eat-2;let-363,Double mutant,7,-38.31% .. -155.41%,[est.],
1253,eat-2;let-711,Double mutant,1,11.33%,,
1254,eat-2;lin-15b;nhr-21;nre-1,4-mutant,2,-51.68% .. -209.65%,[est.],
1255,eat-2;lin-15b;nhr-35;nre-1,4-mutant,2,-56.55% .. -229.41%,[est.],
1256,eat-2;lin-15b;nhr-49;nre-1,4-mutant,1,-57.08% .. 74.12%,[est.],
1257,eat-2;lin-15b;nhr-4;nre-1,4-mutant,1,-42.23% .. 134.35%,[est.],
1258,eat-2;lin-15b;nhr-62;nre-1,4-mutant,4,-58.38% .. -236.82%,[est.],
1259,eat-2;lin-15b;nre-1,Triple mutant,5,-56.58% .. -229.53%,[est.],
1260,eat-2;lin-15b;nre-1;pha-4,4-mutant,1,-56.26% .. 77.41%,[est.],
1261,eat-2;mdl-1,Double mutant,1,60.00%,,
1262,eat-2;mdt-15,Double mutant,1,-16.75%,,
1263,eat-2;mekk-3,Double mutant,6,13.88% ..  72.54%,,
1264,eat-2;mml-1,Double mutant,1,8.50%,,
1265,eat-2;mxl-1,Double mutant,2,46.50% ..  50.00%,,
1266,eat-2;mxl-2,Double mutant,2,-13.05% ..  -6.00%,,
1267,eat-2;nhr-21,Double mutant,1,26.89%,,
1268,eat-2;nhr-4,Double mutant,1,29.59%,,
1269,eat-2;nhr-49,Double mutant,3,-28.20% ..  -24.29%,,
1270,eat-2;nhr-62,Double mutant,4,-2.29% ..  20.42%,,
1271,eat-2;nhr-8,Double mutant,2,22.59% ..  30.98%,,
1272,eat-2;nlp-7,Double mutant,2,5.13% ..  10.36%,,
1273,eat-2;nuo-6,Double mutant,2,87.04% ..  134.13%,,
1274,eat-2;pat-4,Double mutant,2,-45.48% .. -184.47%,[est.],
1275,eat-2;pat-6,Double mutant,2,-38.23% .. -155.06%,[est.],
1276,eat-2;pha-4,Double mutant,1,-24.31%,,
1277,eat-2;pqm-1,Double mutant,2,-42.49% .. -172.35%,[est.],
1278,eat-2;prmt-1,Double mutant,1,-39.68% .. 144.71%,[est.],
1279,eat-2;R53.4,Double mutant,1,61.58%,,
1280,eat-2;rab-10,Double mutant,2,-23.72% .. -96.24%,[est.],
1281,eat-2;raga-1,Double mutant,3,-49.54% .. -200.94%,[est.],
1282,eat-2;rha-2,Double mutant,1,-2.55% .. 295.29%,[est.],
1283,eat-2;ril-1,Double mutant,1,5.57% .. 328.24%,[est.],
1284,eat-2;ril-2,Double mutant,1,13.69% .. 361.18%,[est.],
1285,eat-2;rps-15,Double mutant,2,-21.98% .. -89.18%,[est.],
1286,eat-2;rps-22,Double mutant,1,-8.06% .. 272.94%,[est.],
1287,eat-2;rrf-3,Double mutant,2,-44.03% .. -178.59%,[est.],
1288,eat-2;rsks-1,Double mutant,3,-37.06% .. -150.35%,[est.],
1289,eat-2;sams-1,Double mutant,2,-22.56% .. -91.53%,[est.],
1290,eat-2;sca-1,Double mutant,1,2.96%,,
1291,eat-2;sir-2.1,Double mutant,8,2.20% ..  13.58%,,
1292,eat-2;skn-1,Double mutant,2,-28.21% ..  -19.17%,,
1293,eat-2;skr-1,Double mutant,2,-30.97% .. -125.65%,[est.],
1294,eat-2;smk-1,Double mutant,1,-6.40%,,
1295,eat-2;sod-2,Double mutant,1,131.64%,,
1296,eat-2;tcer-1,Double mutant,5,-25.46% .. -103.29%,[est.],
1297,eat-2;ubc-18,Double mutant,6,-5.53% ..  6.99%,,
1298,eat-2;ubc-18;wwp-1,Triple mutant,2,-46.06% .. -186.82%,[est.],
1299,eat-2;unc-70,Double mutant,1,21.18%,,
1300,eat-2;utx-1,Double mutant,2,29.28% ..  43.27%,,
1301,eat-2;vps-34,Double mutant,4,-35.51% ..,,
1302,eat-2;W01B11.3,Double mutant,1,51.72%,,
1303,eat-2;wwp-1,Double mutant,9,-9.57% ..  -0.58%,,
1304,eat-2;Y39G10AR.8,Double mutant,1,48.77%,,
1305,eat-2;Y47G6A.10,Double mutant,1,40.89%,,
1306,eat-2;Y48G1A.4,Double mutant,1,34.48%,,
1307,eat-2;ZK973.10,Double mutant,1,46.80%,,
1308,egl-1;frh-1,Double mutant,1,53.37%,,
1309,egl-1;isp-1,Double mutant,4,59.24% ..  69.93%,,
1310,egl-1;nuo-6,Double mutant,3,50.70% ..  57.76%,,
1311,egl-3;gcy-35;npr-1,Triple mutant,3,-56.35% .. -228.59%,[est.],
1312,egl-9;gcy-35;npr-1,Triple mutant,3,32.12% ..  61.28%,,
1313,egl-9;hif-1,Double mutant,1,-4.00%,,
1314,egl-9;isp-1,Double mutant,1,38.65%,,
1315,egl-9;npr-1,Double mutant,3,-29.86% ..  -19.51%,,
1316,egl-9;rsks-1,Double mutant,1,1.43%,,
1317,eif-1;glp-1,Double mutant,4,49.69% ..  53.23%,,
1318,eif-1;kri-1,Double mutant,3,13.90% ..  31.61%,,
1319,eif-1;skn-1,Double mutant,1,-1.11%,,
1320,eif-1A;skn-1,Double mutant,1,-2.96%,,
1321,elpc-4;rrf-3,Double mutant,1,-32.71% .. 172.94%,[est.],
1322,elt-3;isp-1,Double mutant,1,-13.72% .. 250.0%,[est.],
1323,ets-4;skn-1,Double mutant,2,36.43% ..  37.70%,,
1324,F07A5.1;rrf-3;sir-2.1,Triple mutant,1,-57.54% .. 72.24%,[est.],
1325,F09F7.5;rrf-3;sir-2.1,Triple mutant,1,-62.82% .. 50.82%,[est.],
1326,F15E6.1;rrf-3;sir-2.1,Triple mutant,1,-57.8% .. 71.18%,[est.],
1327,F21H12.1;rrf-3;sir-2.1,Triple mutant,1,-56.7% .. 75.65%,[est.],
1328,F48C1.8;rrf-3,Double mutant,2,-37.65% .. -152.71%,[est.],
1329,F54C4.2;rrf-3;sir-2.1,Triple mutant,1,-51.86% .. 95.29%,[est.],
1330,F54H12.1;rrf-3;sir-2.1,Triple mutant,1,-47.24% .. 114.0%,[est.],
1331,F55B11.1;rrf-3;sir-2.1,Triple mutant,1,-66.47% .. 36.0%,[est.],
1332,fasn-1;ifg-1,Double mutant,2,-1.48% ..  -0.85%,,
1333,fasn-1;isp-1,Double mutant,1,48.28%,,
1334,fasn-1;rsks-1,Double mutant,1,-6.90%,,
1335,fat-2;glp-1,Double mutant,2,76.92% ..  107.69%,,
1336,fat-3;fem-1;fer-15,Triple mutant,1,-64.91% .. 42.35%,[est.],
1337,fat-5;fat-6;glp-1,Triple mutant,2,-55.05% .. -223.29%,[est.],
1338,fat-5;fat-7;glp-1,Triple mutant,2,-50.7% .. -205.65%,[est.],
1339,fat-5;fem-1;fer-15,Triple mutant,1,-60.27% .. 61.18%,[est.],
1340,fat-5;glp-1,Double mutant,2,-31.84% .. -129.18%,[est.],
1341,fat-6;glp-1,Double mutant,2,-39.1% .. -158.59%,[est.],
1342,fat-7;fem-1;fer-15,Triple mutant,1,-57.37% .. 72.94%,[est.],
1343,fem-1;fer-15,Double mutant,33,-7.42% ..  21.71%,,
1344,fem-1;fer-15;gcy-18,Triple mutant,1,-52.44% .. 92.94%,[est.],
1345,fem-1;fer-15;gei-9,Triple mutant,2,-31.55% .. -128.0%,[est.],
1346,fem-1;fer-15;gpd-2,Triple mutant,1,-59.11% .. 65.88%,[est.],
1347,fem-1;fer-15;gpi-1,Triple mutant,1,-53.6% .. 88.24%,[est.],
1348,fem-1;fer-15;hsp-12.6,Triple mutant,1,-57.08% .. 74.12%,[est.],
1349,fem-1;fer-15;ifg-1,Triple mutant,3,-27.78% .. -112.71%,[est.],
1350,fem-1;fer-15;iftb-1,Triple mutant,4,-50.99% .. -206.82%,[est.],
1351,fem-1;fer-15;ins-7,Triple mutant,1,-52.44% .. 92.94%,[est.],
1352,fem-1;fer-15;inx-8,Triple mutant,2,-17.92% .. -72.71%,[est.],
1353,fem-1;fer-15;ire-1,Triple mutant,2,-59.11% .. -239.76%,[est.],
1354,fem-1;fer-15;lbp-7,Triple mutant,1,-59.11% .. 65.88%,[est.],
1355,fem-1;fer-15;let-363,Triple mutant,2,-47.22% .. -191.53%,[est.],
1356,fem-1;fer-15;lin-35,Triple mutant,1,-60.56% .. 60.0%,[est.],
1357,fem-1;fer-15;lys-8,Triple mutant,1,-60.85% .. 58.82%,[est.],
1358,fem-1;fer-15;maoc-1,Triple mutant,1,-47.22% .. 114.12%,[est.],
1359,fem-1;fer-15;mekk-3,Triple mutant,2,-30.48% .. -123.65%,[est.],
1360,fem-1;fer-15;mtl-1,Triple mutant,1,-61.72% .. 55.29%,[est.],
1361,fem-1;fer-15;nuo-2,Triple mutant,1,-44.9% .. 123.53%,[est.],
1362,fem-1;fer-15;nuo-3,Triple mutant,1,-18.5% .. 230.59%,[est.],
1363,fem-1;fer-15;nuo-4,Triple mutant,1,-25.75% .. 201.18%,[est.],
1364,fem-1;fer-15;nuo-5,Triple mutant,2,-32.42% .. -131.53%,[est.],
1365,fem-1;fer-15;pat-4,Triple mutant,2,-27.2% .. -110.35%,[est.],
1366,fem-1;fer-15;pat-6,Triple mutant,2,-42.58% .. -172.71%,[est.],
1367,fem-1;fer-15;pep-2,Triple mutant,1,-69.26% .. 24.71%,[est.],
1368,fem-1;fer-15;pes-2,Triple mutant,1,-57.08% .. 74.12%,[est.],
1369,fem-1;fer-15;rab-10,Triple mutant,1,-26.62% .. 197.65%,[est.],
1370,fem-1;fer-15;rha-2,Triple mutant,2,-32.71% .. -132.71%,[est.],
1371,fem-1;fer-15;ril-1,Triple mutant,2,-17.05% .. -69.18%,[est.],
1372,fem-1;fer-15;ril-2,Triple mutant,2,-27.49% .. -111.53%,[est.],
1373,fem-1;fer-15;ril-3,Triple mutant,1,-24.59% .. 205.88%,[est.],
1374,fem-1;fer-15;rpl-19,Triple mutant,1,-48.67% .. 108.24%,[est.],
1375,fem-1;fer-15;rpl-30,Triple mutant,1,-26.91% .. 196.47%,[est.],
1376,fem-1;fer-15;rpl-4,Triple mutant,1,-47.22% .. 114.12%,[est.],
1377,fem-1;fer-15;rpl-9,Triple mutant,1,-32.42% .. 174.12%,[est.],
1378,fem-1;fer-15;rps-10,Triple mutant,1,-46.06% .. 118.82%,[est.],
1379,fem-1;fer-15;rps-11,Triple mutant,1,-18.79% .. 229.41%,[est.],
1380,fem-1;fer-15;rps-15,Triple mutant,1,-11.25% .. 260.0%,[est.],
1381,fem-1;fer-15;rps-22,Triple mutant,2,-43.74% .. -177.41%,[est.],
1382,fem-1;fer-15;rps-26,Triple mutant,1,-44.32% .. 125.88%,[est.],
1383,fem-1;fer-15;rps-6,Triple mutant,1,-21.4% .. 218.82%,[est.],
1384,fem-1;fer-15;rsks-1,Triple mutant,2,-28.07% .. -113.88%,[est.],
1385,fem-1;fer-15;sams-1,Triple mutant,1,-28.94% .. 188.24%,[est.],
1386,fem-1;fer-15;sinh-1,Triple mutant,1,-47.8% .. 111.76%,[est.],
1387,fem-1;fer-15;ttr-1,Triple mutant,2,-30.68% .. -124.47%,[est.],
1388,fem-1;fer-15;vit-2,Triple mutant,1,-55.34% .. 81.18%,[est.],
1389,fem-1;fer-15;vit-4,Triple mutant,1,-63.75% .. 47.06%,[est.],
1390,fem-1;fer-15;vit-5,Triple mutant,1,-53.89% .. 87.06%,[est.],
1391,fem-1;fer-15;vps-34,Triple mutant,4,-8.30% ..  2.18%,,
1392,fem-1;fer-15;zig-6,Triple mutant,2,-49.25% .. -199.76%,[est.],
1393,fer-15;shc-1,Double mutant,2,-69.55% .. -282.12%,[est.],
1394,flr-4;gld-1,Double mutant,1,17.31%,,
1395,flr-4;glp-1,Double mutant,1,33.02%,,
1396,flr-4;glp-4,Double mutant,1,14.88%,,
1397,flr-4;nhr-8,Double mutant,2,-24.14% ..  9.12%,,
1398,flr-4;nsy-1,Double mutant,2,-13.03% ..  6.72%,,
1399,flr-4;pha-4;smg-1,Triple mutant,1,-27.87% .. 192.59%,[est.],
1400,flr-4;pmk-1,Double mutant,1,5.39%,,
1401,flr-4;pmk-3,Double mutant,1,51.94%,,
1402,flr-4;rde-1,Double mutant,1,-55.25% .. 81.53%,[est.],
1403,flr-4;rrf-3,Double mutant,1,-15.95% .. 240.94%,[est.],
1404,flr-4;sek-1,Double mutant,3,-3.53% ..  6.83%,,
1405,flr-4;sid-1,Double mutant,1,-50.2% .. 102.0%,[est.],
1406,flr-4;skn-1,Double mutant,1,12.19%,,
1407,flr-4;smg-1,Double mutant,2,5.92% .. 329.65%,[est.],
1408,flr-4;tir-1,Double mutant,1,13.72%,,
1409,flr-4;unc-43,Double mutant,1,-8.86%,,
1410,frh-1;kin-29,Double mutant,1,-1.83%,,
1411,frh-1;mml-1,Double mutant,1,19.51%,,
1412,frh-1;par-4,Double mutant,1,23.26%,,
1413,frh-1;sad-1,Double mutant,1,26.83%,,
1414,frh-1;sir-2.1,Double mutant,1,37.73%,,
1415,frh-1;skn-1,Double mutant,2,25.00% ..  27.04%,,
1416,ftn-1;ftn-2,Double mutant,3,-1.83% ..  7.00%,,
1417,ftn-1;ftn-2;gas-1,Triple mutant,1,-33.73%,,
1418,ftn-1;ftn-2;isp-1,Triple mutant,3,-3.08% ..  48.10%,,
1419,ftn-1;ftn-2;mev-1,Triple mutant,3,-40.29% ..  -17.73%,,
1420,ftn-1;ftn-2;nuo-6,Triple mutant,1,-8.21%,,
1421,ftt-1;pdk-1,Double mutant,2,3.17% ..  30.69%,,
1422,ftt-2;hcf-1,Double mutant,7,-33.33% ..  28.48%,,
1423,ftt-2;pdk-1,Double mutant,2,-6.88% ..  13.76%,,
1424,ftt-2;sir-2.1,Double mutant,5,-30.00% ..  -0.60%,,
1425,ftt-2gs;hcf-1,Double mutant,1,7.53%,,
1426,gas-1;mekk-3,Double mutant,2,56.36% ..  101.09%,,
1427,gcy-18;rrf-3,Double mutant,2,-45.77% .. -185.65%,[est.],
1428,gcy-33;gcy-35;npr-1,Triple mutant,3,-26.89% ..  -13.29%,,
1429,gcy-33;npr-1,Double mutant,5,-32.29% ..  10.50%,,
1430,gcy-35;hif-1;npr-1,Triple mutant,3,-24.64% ..  -17.38%,,
1431,gcy-35;npr-1,Double mutant,34,-15.10% ..  78.68%,,
1432,gcy-35;npr-1;tax-4,Triple mutant,4,-7.34% ..  6.54%,,
1433,gcy-6;rrf-3,Double mutant,1,-45.19% .. 122.35%,[est.],
1434,gld-1;rsks-1,Double mutant,2,-7.14% ..  -3.33%,,
1435,glp-1;gpi-1,Double mutant,2,-28.36% .. -115.06%,[est.],
1436,glp-1;hcf-1,Double mutant,1,57.35%,,
1437,glp-1;hif-1,Double mutant,1,43.79%,,
1438,glp-1;hlh-30,Double mutant,4,-8.33% ..  22.92%,,
1439,glp-1;ifg-1,Double mutant,1,57.50%,,
1440,glp-1;kri-1,Double mutant,2,-50.7% .. -205.65%,[est.],
1441,glp-1;lipl-4,Double mutant,4,10.70% ..  11.68%,,
1442,glp-1;lipl-4;vps-34,Triple mutant,2,-54.47% .. -220.94%,[est.],
1443,glp-1;lmp-1,Double mutant,4,-11.48% ..  15.82%,,
1444,glp-1;maoc-1,Double mutant,2,-24.01% .. -97.41%,[est.],
1445,glp-1;mekk-3,Double mutant,2,15.42% ..  26.11%,,
1446,glp-1;nhr-49,Double mutant,2,-34.72% ..  63.43%,,
1447,glp-1;nhr-8,Double mutant,1,-40.69% .. 140.59%,[est.],
1448,glp-1;nhr-80,Double mutant,8,-24.24% ..  127.03%,,
1449,glp-1;nhr-80;nhr-80,Triple mutant,2,-42.0% .. -170.35%,[est.],
1450,glp-1;pas-1,Double mutant,1,8.70%,,
1451,glp-1;pas-5,Double mutant,1,-28.50%,,
1452,glp-1;pas-6,Double mutant,1,-36.23%,,
1453,glp-1;pas-7,Double mutant,1,1.93%,,
1454,glp-1;pbs-2,Double mutant,1,-32.37%,,
1455,glp-1;pbs-3,Double mutant,1,-39.13%,,
1456,glp-1;pbs-4,Double mutant,1,-25.60%,,
1457,glp-1;pbs-5,Double mutant,1,-31.88%,,
1458,glp-1;pbs-6,Double mutant,1,-24.64%,,
1459,glp-1;pbs-7,Double mutant,1,-28.02%,,
1460,glp-1;pha-4,Double mutant,3,-12.38% ..  -9.57%,,
1461,glp-1;raga-1,Double mutant,4,31.75% ..  54.18%,,
1462,glp-1;rpn-1,Double mutant,1,-23.67%,,
1463,glp-1;rpn-10,Double mutant,1,-2.42%,,
1464,glp-1;rpn-11,Double mutant,1,-33.82%,,
1465,glp-1;rpn-12,Double mutant,1,1.45%,,
1466,glp-1;rpn-2,Double mutant,1,-27.05%,,
1467,glp-1;rpn-3,Double mutant,1,-23.67%,,
1468,glp-1;rpn-5,Double mutant,1,14.98%,,
1469,glp-1;rpn-6,Double mutant,1,-32.85%,,
1470,glp-1;rpn-7,Double mutant,1,-27.54%,,
1471,glp-1;rpn-8,Double mutant,1,-28.50%,,
1472,glp-1;rpn-9,Double mutant,1,-19.32%,,
1473,glp-1;rpt-1,Double mutant,1,-27.54%,,
1474,glp-1;rpt-2,Double mutant,1,1.45%,,
1475,glp-1;rpt-3,Double mutant,1,-31.40%,,
1476,glp-1;rpt-4,Double mutant,1,-38.16%,,
1477,glp-1;rpt-5,Double mutant,1,-27.54%,,
1478,glp-1;rpt-6,Double mutant,1,-31.40%,,
1479,glp-1;rsks-1,Double mutant,2,-22.31% ..  -8.59%,,
1480,glp-1;sinh-1,Double mutant,2,-43.45% .. -176.24%,[est.],
1481,glp-1;skr-1,Double mutant,3,-37.35% .. -151.53%,[est.],
1482,glp-1;skr-11,Double mutant,2,-23.43% .. -95.06%,[est.],
1483,glp-1;skr-12,Double mutant,2,-26.91% .. -109.18%,[est.],
1484,glp-1;skr-13,Double mutant,2,-27.2% .. -110.35%,[est.],
1485,glp-1;skr-15,Double mutant,2,-24.88% .. -100.94%,[est.],
1486,glp-1;skr-19,Double mutant,2,-21.4% .. -86.82%,[est.],
1487,glp-1;skr-2,Double mutant,2,-35.9% .. -145.65%,[est.],
1488,glp-1;skr-20,Double mutant,2,-33.58% .. -136.24%,[est.],
1489,glp-1;skr-3,Double mutant,2,-26.04% .. -105.65%,[est.],
1490,glp-1;skr-7,Double mutant,2,-23.43% .. -95.06%,[est.],
1491,glp-1;skr-8,Double mutant,2,-28.94% .. -117.41%,[est.],
1492,glp-1;smk-1,Double mutant,1,-66.07% .. 37.65%,[est.],
1493,glp-1;sod-2,Double mutant,1,116.95%,,
1494,glp-1;tcer-1,Double mutant,29,-33.17% ..  79.46%,,
1495,glp-1;tcer-1;tcer-1,Triple mutant,5,39.46% ..  74.19%,,
1496,glp-1;tor,Double mutant,4,-3.65% ..  29.19%,,
1497,glp-1;ttr-1,Double mutant,2,-46.93% .. -190.35%,[est.],
1498,glp-1;unc-51,Double mutant,3,-12.57% ..  5.39%,,
1499,glp-1;utx-1,Double mutant,5,12.44% ..  45.21%,,
1500,glp-1;vha-16,Double mutant,4,-21.14% ..,,
1501,glp-1;vps-34,Double mutant,5,-19.27% ..  -0.56%,,
1502,glp-4;ife-2,Double mutant,1,23.28%,,
1503,glp-4;mnk-1,Double mutant,1,-6.03%,,
1504,glp-4;mpk-1,Double mutant,1,-7.00%,,
1505,gpa-11;gpc-1,Double mutant,2,7.19% ..  25.15%,,
1506,gpa-11;odr-3,Double mutant,6,-11.38% ..  98.29%,,
1507,gpa-1;gpa-11,Double mutant,2,1.20% ..  28.74%,,
1508,gpa-1;gpc-1,Double mutant,1,21.56%,,
1509,gpa-1;odr-3,Double mutant,1,27.54%,,
1510,gpc-1;odr-3,Double mutant,1,21.56%,,
1511,gpdh-1;gpdh-2,Double mutant,1,21.89%,,
1512,hcf-1;par-5,Double mutant,1,-41.94%,,
1513,hcf-1;par-5gs,Double mutant,1,34.41%,,
1514,hcf-1;sgk-1,Double mutant,3,-40.11% ..  17.65%,,
1515,hcf-1;sir-2.1,Double mutant,27,3.33% ..  47.22%,,
1516,hif-1;ire-1,Double mutant,1,-36.11%,,
1517,hif-1;isp-1,Double mutant,4,10.42% ..  16.46%,,
1518,hif-1;npr-1,Double mutant,3,-22.59% ..  -16.75%,,
1519,hif-1;osm-5,Double mutant,1,33.33%,,
1520,hif-1;pha-4,Double mutant,1,17.86%,,
1521,hif-1;rsks-1,Double mutant,1,21.43%,,
1522,hif-1;skn-1,Double mutant,1,-26.00%,,
1523,hif-1;tpk-1,Double mutant,1,-15.14% .. 244.24%,[est.],
1524,hif-1;vhl-1,Double mutant,18,-3.51% ..  28.20%,,
1525,hif-1;xbp-1,Double mutant,1,-4.03%,,
1526,him-5;ins-1,Double mutant,1,-69.26% .. 24.71%,[est.],
1527,hlh-30;mxl-3,Double mutant,1,5.00%,,
1528,hlh-30;tor,Double mutant,3,-10.65% ..  4.09%,,
1529,hsb-1;hsf-1,Double mutant,2,-42.55% ..  -39.46%,,
1530,hsf-1;mekk-3,Double mutant,2,61.40% ..  94.68%,,
1531,hsf-1;nmur-1,Double mutant,1,-25.45%,,
1532,hsf-1;old-1,Double mutant,1,-27.59%,,
1533,hsf-1;pkc-2,Double mutant,1,-44.14%,,
1534,hsf-1;ragc-1,Double mutant,2,-35.83% ..  -30.65%,,
1535,hsf-1;rps-15,Double mutant,2,-45.65% ..  -19.77%,,
1536,hsf-1;rps-6,Double mutant,2,-34.24% ..  -19.77%,,
1537,hsf-1;rrf3,Double mutant,1,-27.80%,,
1538,hsf-1;rsks-1,Double mutant,9,-65.09% ..  -25.26%,,
1539,hsf-1;trpa-1,Double mutant,1,-3.53%,,
1540,hsp-16.1;hsp-16.11;hsp-16.2,Triple mutant,2,-10.49% ..  -5.06%,,
1541,hsp-16.1;hsp-16.11;hsp-16.2;rsks-1,4-mutant,2,-7.41% ..  19.66%,,
1542,hsp-70;rsks-1,Double mutant,2,7.41% ..  18.54%,,
1543,ife-2;let-363,Double mutant,2,65.52%,,
1544,ife-2;mnk-1,Double mutant,1,38.46%,,
1545,ife-2;rps-15,Double mutant,2,-35.03% .. -142.12%,[est.],
1546,ife-2;rskn-1,Double mutant,1,47.80%,,
1547,ife-2;rsks-1,Double mutant,2,51.65%,,
1548,ife-2;skn-1,Double mutant,1,9.81%,,
1549,ifg-1;ifg-1,Double mutant,1,43.84%,,
1550,ifg-1;ire-1,Double mutant,1,-17.74%,,
1551,ifg-1;isp-1,Double mutant,1,50.74%,,
1552,ifg-1;let-363,Double mutant,1,66.67%,,
1553,ifg-1;let-711,Double mutant,2,-13.54% ..  3.45%,,
1554,ifg-1;mdt-15,Double mutant,2,-21.18% ..  -18.14%,,
1555,ifg-1;rsks-1,Double mutant,1,59.38%,,
1556,ifg-1;sca-1,Double mutant,2,-31.78% ..  -17.73%,,
1557,ifg-1;sir-2.1,Double mutant,1,-15.02% .. 244.71%,[est.],
1558,ifg-1;skn-1,Double mutant,1,17.53%,,
1559,ifg-1;unc-70,Double mutant,2,7.20% ..  8.37%,,
1560,ifta-2;osm-5,Double mutant,1,27.37%,,
1561,iftb-1;rsks-1,Double mutant,2,-27.78% .. -112.71%,[est.],
1562,iftb-1;sir-2.1,Double mutant,2,-41.42% .. -168.0%,[est.],
1563,ins-18;ins-18;ins-7,Triple mutant,1,22.94%,,
1564,ins-18;ins-7,Double mutant,1,15.04%,,
1565,ins-18;rrf-3,Double mutant,2,-54.47% .. -220.94%,[est.],
1566,ins-1;rrf-3,Double mutant,1,-46.93% .. 115.29%,[est.],
1567,ins-21;rrf-3,Double mutant,1,-52.73% .. 91.76%,[est.],
1568,ins-22;rrf-3,Double mutant,1,-54.18% .. 85.88%,[est.],
1569,ins-7;rrf-3,Double mutant,2,-42.0% .. -170.35%,[est.],
1570,ire-1;isp-1,Double mutant,5,8.42% ..  41.61%,,
1571,ire-1;sod-1,Double mutant,2,-1.38% ..  8.12%,,
1572,isp-1;junB,Double mutant,1,-57.69% .. 71.65%,[est.],
1573,isp-1;kin-29,Double mutant,1,57.56%,,
1574,isp-1;let-711,Double mutant,1,25.62%,,
1575,isp-1;mdt-15,Double mutant,1,25.12%,,
1576,isp-1;mml-1,Double mutant,1,78.49%,,
1577,isp-1;nhr-105,Double mutant,1,-19.52% .. 226.47%,[est.],
1578,isp-1;nhr-125,Double mutant,1,-17.89% .. 233.06%,[est.],
1579,isp-1;nhr-214,Double mutant,1,-19.58% .. 226.24%,[est.],
1580,isp-1;nhr-27,Double mutant,1,-32.92% .. 172.12%,[est.],
1581,isp-1;nhr-49,Double mutant,1,-48.49% .. 108.94%,[est.],
1582,isp-1;nuo-6,Double mutant,3,45.19% ..  129.63%,,
1583,isp-1;par-4,Double mutant,1,73.84%,,
1584,isp-1;pha-4,Double mutant,1,14.15%,,
1585,isp-1;rps-15,Double mutant,2,-16.47% .. -66.82%,[est.],
1586,isp-1;rps-22,Double mutant,1,-12.7% .. 254.12%,[est.],
1587,isp-1;rsks-1,Double mutant,1,-12.41% .. 255.29%,[est.],
1588,isp-1;sca-1,Double mutant,1,44.83%,,
1589,isp-1;smk-1,Double mutant,1,42.62%,,
1590,isp-1;sod-2,Double mutant,1,-4.52%,,
1591,isp-1;taf-4,Double mutant,1,-44.2% .. 126.35%,[est.],
1592,isp-1;tbx-2,Double mutant,1,-16.65% .. 238.12%,[est.],
1593,isp-1;tcer-1,Double mutant,1,-24.3% .. 207.06%,[est.],
1594,isp-1;ubc-18,Double mutant,2,42.86%,,
1595,isp-1;unc-70,Double mutant,1,46.31%,,
1596,isp-1;vhl-1,Double mutant,2,63.89% ..  70.59%,,
1597,isp-1;wwp-1,Double mutant,2,52.72%,,
1598,isp-1;Y62E10A.17,Double mutant,1,-16.88% .. 237.18%,[est.],
1599,jkk-1;shc-1,Double mutant,2,-32.50% ..  -18.11%,,
1600,jnk-1;shc-1,Double mutant,2,-23.24%,,
1601,jnk-1;trpa-1,Double mutant,1,-2.33%,,
1602,jun-1;tpk-1,Double mutant,1,-39.24% .. 146.47%,[est.],
1603,K04G7.4;rrf-3;sir-2.1,Triple mutant,1,-39.82% .. 144.12%,[est.],
1604,K08D10.7;rrf-3;sir-2.1,Triple mutant,1,-56.38% .. 76.94%,[est.],
1605,K08E3.5;rrf-3;sir-2.1,Triple mutant,1,-54.32% .. 85.29%,[est.],
1606,K11D12.1;rrf-3;sir-2.1,Triple mutant,1,-59.4% .. 64.71%,[est.],
1607,kin-29;nuo-2,Double mutant,1,-8.72%,,
1608,kri-1;raga-1,Double mutant,3,28.67% ..  32.11%,,
1609,kri-1;tcer-1,Double mutant,4,-24.64% ..  3.64%,,
1610,lbp-7;rrf-3,Double mutant,2,-52.73% .. -213.88%,[est.],
1611,let-363;nhr-62,Double mutant,2,30.53% ..  39.14%,,
1612,let-363;pep-2,Double mutant,2,43.64% ..  63.24%,,
1613,let-363;rsks-1,Double mutant,3,-16.15%,,
1614,let-363;sir-2.1,Double mutant,3,-48.96% .. -198.59%,[est.],
1615,let-711;rsks-1,Double mutant,1,38.42%,,
1616,lgg-1;LPL-4,Double mutant,3,-12.22% ..,,
1617,lin-14;lin-4,Double mutant,2,-5.26% ..  13.70%,,
1618,lin-15b;nhr-21;nre-1,Triple mutant,1,-60.76% .. 59.18%,[est.],
1619,lin-15b;nhr-35;nre-1,Triple mutant,2,-67.08% .. -272.12%,[est.],
1620,lin-15b;nhr-49;nre-1,Triple mutant,1,-68.16% .. 29.18%,[est.],
1621,lin-15b;nhr-4;nre-1,Triple mutant,1,-57.37% .. 72.94%,[est.],
1622,lin-15b;nhr-62;nre-1,Triple mutant,4,-61.86% .. -250.94%,[est.],
1623,lin-15b;nre-1,Double mutant,5,-66.53% .. -269.88%,[est.],
1624,lin-15b;nre-1;pha-4,Triple mutant,1,-60.41% .. 60.59%,[est.],
1625,LPL-4;pha-4,Double mutant,3,-11.35% ..  -0.53%,,
1626,LPL-4;tor,Double mutant,3,16.22% ..  31.05%,,
1627,LPL-4;vps-34,Double mutant,3,-9.24% ..  7.81%,,
1628,mdl-1;mxl-2,Double mutant,1,-7.53%,,
1629,mdt-15;rsks-1,Double mutant,1,-4.93%,,
1630,mek-1;shc-1,Double mutant,2,-31.50% ..  2.76%,,
1631,mekk-3;mev-1,Double mutant,2,-20.82% ..  25.68%,,
1632,mekk-3;nhr-49,Double mutant,4,-34.62% ..  43.62%,,
1633,mekk-3;nhr-8,Double mutant,2,-27.29% ..  -1.09%,,
1634,mekk-3;pgp-3,Double mutant,4,6.58% ..  15.55%,,
1635,mekk-3;pha-4;smg-1,Triple mutant,2,-19.26% .. -78.12%,[est.],
1636,mekk-3;rde-1,Double mutant,2,-3.50% ..  6.94%,,
1637,mekk-3;smg-1,Double mutant,2,-2.26% .. -9.18%,[est.],
1638,mes-1;pha-4,Double mutant,1,-28.28%,,
1639,mes-1;vps-34,Double mutant,1,3.64%,,
1640,mev-1;unc-51,Double mutant,1,-52.44% .. 92.94%,[est.],
1641,mml-1;nuo-2,Double mutant,1,55.81%,,
1642,mpk-1;skn-1,Double mutant,2,-65.08% .. -264.0%,[est.],
1643,mtl-2;rrf-3,Double mutant,2,-55.05% .. -223.29%,[est.],
1644,mxl-1;mxl-2,Double mutant,1,-7.53%,,
1645,mxl-1;pha,Double mutant,1,-29.97%,,
1646,mxl-2;pha,Double mutant,1,-34.01%,,
1647,nhr-105;tpk-1,Double mutant,1,-18.97% .. 228.71%,[est.],
1648,nhr-147;rrf-3,Double mutant,1,-28.94% .. 188.24%,[est.],
1649,nhr-170;nhr-231;rrf-3,Triple mutant,1,-23.14% .. 211.76%,[est.],
1650,nhr-27;tpk-1,Double mutant,1,-3.8% .. 290.24%,[est.],
1651,nhr-49;tcer-1,Double mutant,1,-30.54%,,
1652,nmur-1;osm-3,Double mutant,4,13.77% ..  44.76%,,
1653,nmur-1;pmk-1,Double mutant,1,14.52%,,
1654,npl-7;skn-1,Double mutant,4,-22.62% ..  -19.46%,,
1655,nspe-7;rrf-3,Double mutant,1,-27.78% .. 192.94%,[est.],
1656,nuc-1;rrf-3,Double mutant,2,-52.44% .. -212.71%,[est.],
1657,nuo-2;par-4,Double mutant,1,36.63%,,
1658,nuo-2;sad-1,Double mutant,1,6.98%,,
1659,nuo-6;sod-1,Double mutant,1,1.51% .. 311.76%,[est.],
1660,nuo-6;sod-2,Double mutant,1,5.86% .. 329.41%,[est.],
1661,ocr-2;osm-9,Double mutant,2,28.70% ..  48.83%,,
1662,ocr-2;osm-9;tax-6,Triple mutant,1,34.23%,,
1663,oga-1;ogt-1,Double mutant,1,-2.52%,,
1664,oga-1;pdk-1,Double mutant,1,17.61%,,
1665,oga-1;sgk-1,Double mutant,1,64.78%,,
1666,ogt-1;sgk-1,Double mutant,1,4.40%,,
1667,old-1;rrf-3,Double mutant,2,-51.57% .. -209.18%,[est.],
1668,par-5;sir-2.1,Double mutant,3,-25.00% ..  -5.00%,,
1669,pep-2;rrf-3,Double mutant,1,-50.41% .. 101.18%,[est.],
1670,pes-2;rrf-3,Double mutant,2,-51.28% .. -208.0%,[est.],
1671,pha-4;pkc-2,Double mutant,1,-19.33%,,
1672,pha-4;smg-1,Double mutant,3,-24.88% .. -100.94%,[est.],
1673,pha-4;trpa-1,Double mutant,1,-14.51%,,
1674,pha-4;wwp-1,Double mutant,3,-12.30% ..  -6.42%,,
1675,pkc-2;sgk-1,Double mutant,3,-19.90% ..  22.97%,,
1676,pkc-2;skn-1,Double mutant,1,-11.11%,,
1677,pkc-2;trpa-1,Double mutant,7,-20.00% ..  35.74%,,
1678,pme-1;rrf-3,Double mutant,1,-65.2% .. 41.18%,[est.],
1679,qns-1;rrf-3,Double mutant,1,-58.24% .. 69.41%,[est.],
1680,R05A10.5;rrf-3;sir-2.1,Triple mutant,1,-53.07% .. 90.35%,[est.],
1681,R08E3.3;rrf-3;sir-2.1,Triple mutant,1,-48.67% .. 108.24%,[est.],
1682,rab-10;vps-34,Double mutant,2,-3.49% ..  34.86%,,
1683,raga-1;rsks-1,Double mutant,2,-40.55% .. -164.47%,[est.],
1684,raga-1;skn-1,Double mutant,6,-12.16% ..  -2.38%,,
1685,ragc-1;rde-1,Double mutant,3,-0.79%,,
1686,rbg-3;tub-1,Double mutant,1,20.00%,,
1687,rheb-1;skn-1,Double mutant,3,-21.03% ..  -12.44%,,
1688,rps-15;rsks-1,Double mutant,2,-40.84% .. -165.65%,[est.],
1689,rps-15;sir-2.1,Double mutant,2,-39.68% .. -160.94%,[est.],
1690,rrf-1;utx-1,Double mutant,7,-3.01% ..  17.08%,,
1691,rrf-1;vang-1,Double mutant,1,14.06%,,
1692,rrf-3;scl-5,Double mutant,1,-33.0% .. 171.76%,[est.],
1693,rrf-3;sir-2.1,Double mutant,6,-61.51% .. -249.53%,[est.],
1694,rrf-3;sir-2.1;T05G5.10,Triple mutant,1,-51.54% .. 96.59%,[est.],
1695,rrf-3;sir-2.1;T06G6.4,Triple mutant,1,-56.64% .. 75.88%,[est.],
1696,rrf-3;sir-2.1;T20H4.5,Triple mutant,1,-37.82% .. 152.24%,[est.],
1697,rrf-3;sir-2.1;W05B2.5,Triple mutant,1,-57.71% .. 71.53%,[est.],
1698,rrf-3;sir-2.1;Y39F10C.1,Triple mutant,1,-52.73% .. 91.76%,[est.],
1699,rrf-3;sir-2.1;Y39H10A_224.b,Triple mutant,1,-56.61% .. 76.0%,[est.],
1700,rrf-3;sir-2.1;Y43H11_160.a,Triple mutant,1,-56.73% .. 75.53%,[est.],
1701,rrf-3;sir-2.1;Y46H3C_13.a,Triple mutant,1,-55.19% .. 81.76%,[est.],
1702,rrf-3;sir-2.1;Y50D4A_25.a,Triple mutant,1,-57.6% .. 72.0%,[est.],
1703,rrf-3;sir-2.1;Y54E5A.7,Triple mutant,1,-51.71% .. 95.88%,[est.],
1704,rrf-3;sir-2.1;Y56A3A.9,Triple mutant,1,-52.49% .. 92.71%,[est.],
1705,rrf-3;sir-2.1;Y71H2_380.a,Triple mutant,1,-61.46% .. 56.35%,[est.],
1706,rrf-3;sir-2.1;Y75B8A.13,Triple mutant,1,-60.32% .. 60.94%,[est.],
1707,rrf-3;sir-2.1;Y75B8A.33,Triple mutant,1,-57.92% .. 70.71%,[est.],
1708,rrf-3;sir-2.1;ZC64.3,Triple mutant,1,-56.38% .. 76.94%,[est.],
1709,rrf-3;skn-1,Double mutant,4,-47.83% ..  -0.05%,,
1710,rrf-3;skr-12,Double mutant,2,-45.19% .. -183.29%,[est.],
1711,rrf-3;skr-13,Double mutant,2,-43.74% .. -177.41%,[est.],
1712,rrf-3;skr-15,Double mutant,1,-41.71% .. 136.47%,[est.],
1713,rrf-3;skr-17,Double mutant,2,-44.61% .. -180.94%,[est.],
1714,rrf-3;skr-5,Double mutant,2,-47.8% .. -193.88%,[est.],
1715,rrf-3;skr-8,Double mutant,1,-48.67% .. 108.24%,[est.],
1716,rrf-3;T20D4.7,Double mutant,1,-26.33% .. 198.82%,[est.],
1717,rrf-3;vit-1,Double mutant,1,-51.86% .. 95.29%,[est.],
1718,rrf-3;vit-2,Double mutant,2,-47.22% .. -191.53%,[est.],
1719,rrf-3;vit-5,Double mutant,2,-52.15% .. -211.53%,[est.],
1720,rrf-3;Y39B6A.24,Double mutant,1,-25.46% .. 202.35%,[est.],
1721,rrf-3;Y43C5A.3,Double mutant,1,-37.35% .. 154.12%,[est.],
1722,rrf-3;Y50D4B.6,Double mutant,2,-30.39% .. -123.29%,[est.],
1723,rsks-1;rsks-1,Double mutant,2,-40.26% .. -163.29%,[est.],
1724,rsks-1;sca-1,Double mutant,1,19.70%,,
1725,rsks-1;sir-2.1,Double mutant,3,-42.58% .. -172.71%,[est.],
1726,rsks-1;unc-51,Double mutant,1,-35.9% .. 160.0%,[est.],
1727,rsks-1;unc-70,Double mutant,1,44.83%,,
1728,sgk-1;skn-1,Double mutant,2,-40.58% ..  -34.06%,,
1729,sgk-1;trpa-1,Double mutant,3,-19.39% ..  22.97%,,
1730,sgk-1;utx-1,Double mutant,2,26.33% ..  31.75%,,
1731,sir-2.1;unc-13,Double mutant,2,53.41% ..  71.02%,,
1732,sir-2.1;unc-51,Double mutant,2,-25.17% .. -102.12%,[est.],
1733,sir-2.1;unc-64,Double mutant,1,147.53%,,
1734,sir-2.1;utx-1,Double mutant,2,46.17% ..  52.97%,,
